"date","ret","post_break"
2014-01-02,-0.376509061003163,0
2014-01-03,-1.08852770861544,0
2014-01-06,0.201848205448239,0
2014-01-07,0.960790875534333,0
2014-01-08,-0.772239288542748,0
2014-01-09,0.6407320221132,0
2014-01-10,0.178721041524715,0
2014-01-13,1.11030321569934,0
2014-01-14,-0.81717411881835,0
2014-01-15,0.0418417677775053,0
2014-01-16,-0.191771084183464,0
2014-01-17,0.483016377297489,0
2014-01-20,-0.17199112180295,0
2014-01-21,0.395334869623328,0
2014-01-22,-0.0287243160355262,0
2014-01-23,0.147891066205234,0
2014-01-24,-0.176220087995868,0
2014-01-27,-0.665376241598431,0
2014-01-28,0.2512184036341,0
2014-01-29,-0.459192096836123,0
2014-01-30,0.783582898893857,0
2014-01-31,-0.984085563322439,0
2014-02-03,-0.629009977363766,0
2014-02-04,-1.49010537099921,0
2014-02-05,-0.192816121720077,0
2014-02-06,-0.805355840357027,0
2014-02-07,-0.0200406366603119,0
2014-02-10,-0.645106306026303,0
2014-02-11,-0.21181749349863,0
2014-02-12,0.151871939411712,0
2014-02-13,-0.710337605954589,0
2014-02-14,0.367822823507098,0
2014-02-17,0.115763937878173,0
2014-02-18,0.217120581006006,0
2014-02-19,0.24857984953773,0
2014-02-20,0.152047181477365,0
2014-02-21,-0.578311422916782,0
2014-02-24,-0.0707388803408661,0
2014-02-25,0.232359205545758,0
2014-02-26,-0.26111630039792,0
2014-02-27,0.275719423132489,0
2014-02-28,0.183773464041983,0
2014-03-03,-0.328954359262089,0
2014-03-04,0.27288169608206,0
2014-03-05,0.0551697644346345,0
2014-03-06,0.360489069226074,0
2014-03-07,0.580862729225369,0
2014-03-10,-0.383186155108328,0
2014-03-11,-0.317888782851218,0
2014-03-12,-1.2944728902994,0
2014-03-13,-0.504023866537375,0
2014-03-14,0.154130408246657,0
2014-03-17,-0.388519807620083,0
2014-03-18,-0.0401955475339394,0
2014-03-19,0.938120698801667,0
2014-03-20,0.729654907681554,0
2014-03-21,0.493598226497362,0
2014-03-24,-0.0735067639882194,0
2014-03-25,0.296703933416226,0
2014-03-26,-0.2642456465054,0
2014-03-27,-0.161727221569694,0
2014-03-28,-0.157721489758269,0
2014-03-31,0.676551200221418,0
2014-04-01,0.605841803386902,0
2014-04-02,0.343989828693686,0
2014-04-03,-0.00650314353471586,0
2014-04-04,0.501155119016639,0
2014-04-07,0.101953298118246,0
2014-04-08,0.208503884917774,0
2014-04-09,-0.0361653649479102,0
2014-04-10,0.602762531066146,0
2014-04-11,1.76159305350084,0
2014-04-14,0.4665545388146,0
2014-04-15,-0.585669028458805,0
2014-04-16,0.233555157463582,0
2014-04-17,-0.544812117335217,0
2014-04-18,0.625566751082762,0
2014-04-21,0.656245519372364,0
2014-04-22,0.284669404075199,0
2014-04-23,0.0728809261028959,0
2014-04-24,-0.613916256951859,0
2014-04-25,0.325039597820146,0
2014-04-28,0.222975125058215,0
2014-04-29,-0.0792865313698107,0
2014-04-30,-0.368062463611355,0
2014-05-01,0.404996667080113,0
2014-05-02,-0.234153217091076,0
2014-05-05,0.409481250690501,0
2014-05-06,0.477342939759235,0
2014-05-07,0.31153627210354,0
2014-05-08,0.310628145236802,0
2014-05-09,0.117665720141981,0
2014-05-12,0.141818238342994,0
2014-05-13,0.137944248493998,0
2014-05-14,-0.129765795966022,0
2014-05-15,-0.0850259341670428,0
2014-05-16,0.251373296075226,0
2014-05-19,0.623106647399043,0
2014-05-20,0.0415748659377532,0
2014-05-21,0.260658234316889,0
2014-05-22,0.436191405685872,0
2014-05-23,-0.62452930504826,0
2014-05-26,0.530779678456804,0
2014-05-27,-0.390522934524712,0
2014-05-28,0.933704009838103,0
2014-05-29,-0.321005774956427,0
2014-05-30,-0.917160460780031,0
2014-06-02,-0.968666432602875,0
2014-06-03,-0.0129579127848905,0
2014-06-04,-0.14119705410836,0
2014-06-05,0.4489357017606,0
2014-06-06,0.770765989800795,0
2014-06-09,0.157256181043441,0
2014-06-10,0.92570883240966,0
2014-06-11,0.774396429699273,0
2014-06-12,-0.0345039316509548,0
2014-06-13,0.812712994628914,0
2014-06-16,-1.10297293596507,0
2014-06-17,0.0652271600218786,0
2014-06-18,-0.733365801520166,0
2014-06-19,0.268832299715246,0
2014-06-20,0.518967230663748,0
2014-06-23,0.274046260506009,0
2014-06-24,-0.636476972750586,0
2014-06-25,0.291862727679023,0
2014-06-26,-0.397028934194372,0
2014-06-27,0.754033611768582,0
2014-06-30,-0.2984795281079,0
2014-07-01,0.0798817793022078,0
2014-07-02,-0.504598987189469,0
2014-07-03,-0.475346274031466,0
2014-07-04,0.252314606668887,0
2014-07-07,0.413703289623401,0
2014-07-08,-0.250207286588318,0
2014-07-09,0.258838452644943,0
2014-07-10,-0.399841788339682,0
2014-07-11,0.100573001236292,0
2014-07-14,-0.108770017445824,0
2014-07-15,0.110432278974656,0
2014-07-16,-0.24677902031224,0
2014-07-17,0.0827557008788954,0
2014-07-18,0.155927615601022,0
2014-07-21,0.0642907916905261,0
2014-07-22,-0.49277541103124,0
2014-07-23,-0.0260455437965928,0
2014-07-24,-0.485598407115081,0
2014-07-25,-1.03344461290866,0
2014-07-28,0.56581460669708,0
2014-07-29,0.0988423522714997,0
2014-07-30,-0.706102493276179,0
2014-07-31,-0.42199280734823,0
2014-08-01,0.350565781984414,0
2014-08-04,0.432512412466678,0
2014-08-05,0.862581967024436,0
2014-08-06,-0.0949276035839518,0
2014-08-07,-0.33378610632063,0
2014-08-08,-0.0751443137730787,0
2014-08-11,0.459099927358027,0
2014-08-12,-0.330409277252752,0
2014-08-13,1.56027162441695,0
2014-08-14,0.105226591912925,0
2014-08-15,-0.113410258444384,0
2014-08-18,-0.155373455345013,0
2014-08-19,-0.860178029528294,0
2014-08-20,-0.446306430960601,0
2014-08-21,-0.469224549831925,0
2014-08-22,1.1380763485091,0
2014-08-25,0.151113407940699,0
2014-08-26,0.0710849808432982,0
2014-08-27,0.844201897728482,0
2014-08-28,-0.140051830660454,0
2014-08-29,1.56868200799226,0
2014-09-01,-0.182834210915373,0
2014-09-02,0.0402090658541323,0
2014-09-03,0.318148251225728,0
2014-09-04,-0.977651011673131,0
2014-09-05,-0.780426664494834,0
2014-09-08,1.3070242908576,0
2014-09-09,-0.202528431846146,0
2014-09-10,1.37494847271568,0
2014-09-11,0.0891569323333564,0
2014-09-12,0.710162055806789,0
2014-09-15,-0.830700502640177,0
2014-09-16,2.13073019807019,0
2014-09-17,-0.362326962839648,0
2014-09-18,-0.115339386372971,0
2014-09-19,0.660009407395043,0
2014-09-22,0.829171367983061,0
2014-09-23,-0.383742292745152,0
2014-09-24,-0.252802088661625,0
2014-09-25,0.256411914287649,0
2014-09-26,1.03530265330279,0
2014-09-29,-1.45505566276914,0
2014-09-30,0.310747118565576,0
2014-10-01,-0.0835878748723208,0
2014-10-02,-0.0912341388203158,0
2014-10-03,1.27904318795931,0
2014-10-06,0.547116336062712,0
2014-10-07,-0.204533333481656,0
2014-10-08,0.404571786869211,0
2014-10-09,-0.366373620012561,0
2014-10-10,0.819599571889908,0
2014-10-13,-0.163728237853373,0
2014-10-14,-0.174951958528066,0
2014-10-15,-0.653060414140102,0
2014-10-16,-0.883810311787004,0
2014-10-17,-0.624921495869475,0
2014-10-20,0.398295427841096,0
2014-10-21,-0.00741544910646887,0
2014-10-22,-0.410977072960211,0
2014-10-23,0.691301701112204,0
2014-10-24,-0.349085888286121,0
2014-10-27,-0.223675465434561,0
2014-10-28,-0.0368013831297436,0
2014-10-29,1.09243202709084,0
2014-10-30,0.175819599731638,0
2014-10-31,-1.1751843752542,0
2014-11-03,-0.816919931221135,0
2014-11-04,0.0966778347861756,0
2014-11-05,-0.065668756698596,0
2014-11-06,0.745516292202035,0
2014-11-07,-0.000435915916826183,0
2014-11-10,0.267557810562369,0
2014-11-11,-0.545211852458529,0
2014-11-12,-0.269575414370377,0
2014-11-13,-0.0121069830414198,0
2014-11-14,-0.641222427766229,0
2014-11-17,0.461289417713696,0
2014-11-18,0.230333106476439,0
2014-11-19,-0.478737494563113,0
2014-11-20,-0.00495304198829815,0
2014-11-21,-0.103287329835779,0
2014-11-24,-0.120086601966044,0
2014-11-25,0.936788476116358,0
2014-11-26,-0.715556795728723,0
2014-11-27,0.957097517206842,0
2014-11-28,-0.0870235340717764,0
2014-12-01,-0.57051254875728,0
2014-12-02,-0.292281950996999,0
2014-12-03,0.743761844638514,0
2014-12-04,-0.304895014519277,0
2014-12-05,0.0150913894491152,0
2014-12-08,-0.0974954022552122,0
2014-12-09,-0.594198809870445,0
2014-12-10,-0.878370005493325,0
2014-12-11,0.0833506271221648,0
2014-12-12,-0.21109053488005,0
2014-12-15,-0.118619885165654,0
2014-12-16,-1.0756801981729,0
2014-12-17,-0.411400213161434,0
2014-12-18,0.0108765668654719,0
2014-12-19,0.518423414767004,0
2014-12-22,-0.232189366709777,0
2014-12-23,0.104069822870775,0
2014-12-24,-0.177372653308717,0
2014-12-25,-0.0766243371536151,0
2014-12-26,-0.198222531576486,0
2014-12-29,0.50857202448524,0
2014-12-30,-0.280800174444853,0
2014-12-31,1.33670820738587,0
2015-01-01,-0.403918693376748,0
2015-01-02,1.1890696753146,0
2015-01-05,-0.465993412179703,0
2015-01-06,-0.344312110180146,0
2015-01-07,-0.832560690782053,0
2015-01-08,-0.552567723906315,0
2015-01-09,-0.257300049741165,0
2015-01-12,0.962556525692855,0
2015-01-13,0.239734250052909,0
2015-01-14,0.749102529637086,0
2015-01-15,0.111561203611048,0
2015-01-16,-0.667639694427675,0
2015-01-19,-0.546849257734616,0
2015-01-20,0.308761420607627,0
2015-01-21,0.097705251473174,0
2015-01-22,-0.140312634832864,0
2015-01-23,-0.15259518181236,0
2015-01-26,-0.343354840423598,0
2015-01-27,0.487785141343111,0
2015-01-28,-0.50588358408341,0
2015-01-29,-0.451091940535614,0
2015-01-30,-0.0520899871155864,0
2015-02-02,0.410546086757819,0
2015-02-03,0.13973517247036,0
2015-02-04,-0.116627475973996,0
2015-02-05,0.149972132768164,0
2015-02-06,-0.556084679291236,0
2015-02-09,-0.773332270917475,0
2015-02-10,-0.714682323026725,0
2015-02-11,-0.116090886427169,0
2015-02-12,0.292984459127687,0
2015-02-13,0.648715436676286,0
2015-02-16,0.675753296973166,0
2015-02-17,-0.577231721769154,0
2015-02-18,-1.25496876184052,0
2015-02-19,-0.711835580155092,0
2015-02-20,-0.600444432302246,0
2015-02-23,0.522174047936328,0
2015-02-24,0.067337953658138,0
2015-02-25,1.14477879914609,0
2015-02-26,-0.51122083720141,0
2015-02-27,-0.864499789188193,0
2015-03-02,-0.0968250176581211,0
2015-03-03,-0.14689162821059,0
2015-03-04,-0.305899324834017,0
2015-03-05,0.651826847403487,0
2015-03-06,-2.28573795502525,0
2015-03-09,-0.331131073867583,0
2015-03-10,-0.00337645508173744,0
2015-03-11,1.7095179190377,0
2015-03-12,0.714742235379758,0
2015-03-13,-0.0739016152429857,0
2015-03-16,-1.48540669636557,0
2015-03-17,0.314854745834479,0
2015-03-18,-1.4999793852958,0
2015-03-19,0.725892192925922,0
2015-03-20,-0.764818177047035,0
2015-03-23,0.020496660750411,0
2015-03-24,0.0992551207590245,0
2015-03-25,0.0552636892395209,0
2015-03-26,-0.261866161377918,0
2015-03-27,-0.586702379925907,0
2015-03-30,0.805411822017041,0
2015-03-31,-0.534251386020479,0
2015-04-01,-0.154183779739257,0
2015-04-02,-0.981553007885658,0
2015-04-03,0.115127082599542,0
2015-04-06,0.468091038739551,0
2015-04-07,-0.418327009823392,0
2015-04-08,0.280482159276198,0
2015-04-09,-0.543763654056899,0
2015-04-10,-0.0807789033804515,0
2015-04-13,0.15026636773931,0
2015-04-14,0.0462743456295774,0
2015-04-15,-0.645043869601761,0
2015-04-16,-0.835221543702971,0
2015-04-17,-0.206535877085338,0
2015-04-20,0.490669724297657,0
2015-04-21,0.116805210141048,0
2015-04-22,0.00473839132372187,0
2015-04-23,-0.0328794272331927,0
2015-04-24,-0.618141334180395,0
2015-04-27,-0.305207737892036,0
2015-04-28,-0.856732069543491,0
2015-04-29,-0.131481900963014,0
2015-04-30,-0.735978484131156,0
2015-05-01,-0.19428688240014,0
2015-05-04,0.153334817724476,0
2015-05-05,0.405928355963969,0
2015-05-06,0.191970593096777,0
2015-05-07,0.357864382096244,0
2015-05-08,-0.194187921031645,0
2015-05-11,0.217446652739205,0
2015-05-12,1.04872380172104,0
2015-05-13,0.356249629324684,0
2015-05-14,-0.375375470942876,0
2015-05-15,0.731704254337622,0
2015-05-18,1.10212095673054,0
2015-05-19,-0.901054624967909,0
2015-05-20,0.576860967678763,0
2015-05-21,-0.110761035315891,0
2015-05-22,0.546246165826569,0
2015-05-25,0.415925974359051,0
2015-05-26,0.493433136847415,0
2015-05-27,0.736649447993732,0
2015-05-28,-0.77785351005756,0
2015-05-29,0.773439071263336,0
2015-06-01,-0.209712993040346,0
2015-06-02,0.897095725992886,0
2015-06-03,0.314199729138196,0
2015-06-04,0.486736163267448,0
2015-06-05,-0.092800622174653,0
2015-06-08,-0.99450671917201,0
2015-06-09,-0.366203430946889,0
2015-06-10,-0.0482346822655278,0
2015-06-11,0.36475209053929,0
2015-06-12,-0.583508007000933,0
2015-06-15,0.36007408243512,0
2015-06-16,0.135619403268085,0
2015-06-17,0.376269126737867,0
2015-06-18,0.129377215141378,0
2015-06-19,0.159090141951686,0
2015-06-22,-0.925272492124607,0
2015-06-23,0.658453799052904,0
2015-06-24,-0.0934710070932564,0
2015-06-25,-0.148788191293127,0
2015-06-26,0.453984107073033,0
2015-06-29,-0.183610088693519,0
2015-06-30,0.331846766591565,0
2015-07-01,-0.664065572067553,0
2015-07-02,-0.510495346158767,0
2015-07-03,-0.249967957765334,0
2015-07-06,-0.0761605241626627,0
2015-07-07,-0.683009553436033,0
2015-07-08,-0.419661064448584,0
2015-07-09,0.104005010656775,0
2015-07-10,0.680914619984572,0
2015-07-13,0.20149269119877,0
2015-07-14,0.726368838259569,0
2015-07-15,-0.0402823595279294,0
2015-07-16,-0.361067079187609,0
2015-07-17,0.86480445300505,0
2015-07-20,0.874020021807389,0
2015-07-21,-0.448868732864738,0
2015-07-22,0.29461979878876,0
2015-07-23,1.03470031494889,0
2015-07-24,0.123542211117218,0
2015-07-27,0.0769924369318762,0
2015-07-28,-0.506384843884347,0
2015-07-29,-0.325025128871782,0
2015-07-30,-0.79696265150277,0
2015-07-31,-0.696281768605741,0
2015-08-03,1.72144039119602,0
2015-08-04,-0.168974817193026,0
2015-08-05,-0.334031179350876,0
2015-08-06,0.206289129788607,0
2015-08-07,-0.653857149100539,0
2015-08-10,-0.116293087336783,0
2015-08-11,-0.496365708930988,0
2015-08-12,-0.178734362563222,0
2015-08-13,0.251531408141067,0
2015-08-14,-0.00326365581456676,0
2015-08-17,0.148055471579828,0
2015-08-18,-0.512824587858962,0
2015-08-19,-0.460026232809055,0
2015-08-20,0.226468936629731,0
2015-08-21,0.784377677821058,0
2015-08-24,-0.185053499392592,0
2015-08-25,0.816729379709513,0
2015-08-26,-0.546516108277762,0
2015-08-27,-0.553403949159621,0
2015-08-28,0.409335655270929,0
2015-08-31,0.624765432936916,0
2015-09-01,0.645006008124359,0
2015-09-02,-0.618840790624551,0
2015-09-03,0.755026405190913,0
2015-09-04,0.96372455365177,0
2015-09-07,0.110416145669127,0
2015-09-08,0.18507178009847,0
2015-09-09,-0.317143850166944,0
2015-09-10,-1.01163124419434,0
2015-09-11,-0.0348434711764419,0
2015-09-14,0.809595027065627,0
2015-09-15,-0.667137229383045,0
2015-09-16,-1.05765878707777,0
2015-09-17,-0.204158548443212,0
2015-09-18,-0.0440872680930184,0
2015-09-21,-0.192303371114024,0
2015-09-22,-0.907180218618885,0
2015-09-23,0.115105367070443,0
2015-09-24,-0.650882727178879,0
2015-09-25,-0.964273073481182,0
2015-09-28,1.12331797029663,0
2015-09-29,-0.0287201704367739,0
2015-09-30,0.184251921539415,0
2015-10-01,0.218251569425104,0
2015-10-02,0.238236264115201,0
2015-10-05,0.337065303437657,0
2015-10-06,0.504862914374627,0
2015-10-07,0.382957727794678,0
2015-10-08,0.410704651106459,0
2015-10-09,-0.0996140816328376,0
2015-10-12,0.126815506454234,0
2015-10-13,0.356779964937711,0
2015-10-14,0.0118195386189647,0
2015-10-15,-0.216677616382191,0
2015-10-16,-0.129606130440162,0
2015-10-19,-0.411254698199133,0
2015-10-20,-0.335401686805202,0
2015-10-21,0.379137187308233,0
2015-10-22,-0.135436574259497,0
2015-10-23,0.719635119899337,0
2015-10-26,-0.358902097827469,0
2015-10-27,-0.702383479620788,0
2015-10-28,0.521694204994407,0
2015-10-29,-0.665064836613664,0
2015-10-30,-0.332990206255493,0
2015-11-02,0.917109231382968,0
2015-11-03,1.26549470350111,0
2015-11-04,-0.059628612162864,0
2015-11-05,0.241132152910198,0
2015-11-06,-1.75113408228151,0
2015-11-09,0.738842217226281,0
2015-11-10,0.724588719097933,0
2015-11-11,0.257096015202377,0
2015-11-12,-0.222216225230253,0
2015-11-13,0.236620946991769,0
2015-11-16,-0.793976790146701,0
2015-11-17,0.639760862248051,0
2015-11-18,0.0105444461096613,0
2015-11-19,0.197088941031881,0
2015-11-20,-0.242517965106767,0
2015-11-23,-0.26756969996522,0
2015-11-24,-1.08313462655348,0
2015-11-25,-0.428228042583968,0
2015-11-26,0.783404773317463,0
2015-11-27,0.947177245862282,0
2015-11-30,0.468088853960223,0
2015-12-01,-0.5442620571158,0
2015-12-02,-0.0570084195339668,0
2015-12-03,-0.193262462853086,0
2015-12-04,0.547496390303377,0
2015-12-07,0.267620714137565,0
2015-12-08,-0.156404804969628,0
2015-12-09,0.674787772275335,0
2015-12-10,0.169424419982966,0
2015-12-11,-0.0021719217065677,0
2015-12-14,0.368578902859129,0
2015-12-15,0.35741811671121,0
2015-12-16,0.668800432910533,0
2015-12-17,0.353972151860434,0
2015-12-18,0.131986692571221,0
2015-12-21,-0.779654065521698,0
2015-12-22,0.223353273507496,0
2015-12-23,0.0565088492176255,0
2015-12-24,-0.668652545742805,0
2015-12-25,-0.106123133101937,0
2015-12-28,0.110963325144538,0
2015-12-29,0.278022727374232,0
2015-12-30,0.116469711894304,0
2015-12-31,-0.451748533311096,0
2016-01-01,0.137101193815609,0
2016-01-04,0.41447161242822,0
2016-01-05,0.234924161052016,0
2016-01-06,0.572334407998518,0
2016-01-07,0.516183417255432,0
2016-01-08,0.115386447751972,0
2016-01-11,-0.681137027640865,0
2016-01-12,-0.400643129629632,0
2016-01-13,-0.207407906466404,0
2016-01-14,-0.691912602615462,0
2016-01-15,-0.774523868594671,0
2016-01-18,-0.821073376298828,0
2016-01-19,-0.0507581528780458,0
2016-01-20,-0.508554580057496,0
2016-01-21,0.79552731359206,0
2016-01-22,-0.876582547612092,0
2016-01-25,-0.323765187807595,0
2016-01-26,-0.74411128560093,0
2016-01-27,-0.927807308370834,0
2016-01-28,-0.652430501901726,0
2016-01-29,-0.114987956560336,0
2016-02-01,-0.881302055803974,0
2016-02-02,-1.15221374680632,0
2016-02-03,0.031257754886925,0
2016-02-04,0.0585646184181662,0
2016-02-05,-0.46508634028687,0
2016-02-08,-0.180063031715291,0
2016-02-09,0.250022482196213,0
2016-02-10,-0.113880567717159,0
2016-02-11,0.0647637267587534,0
2016-02-12,-0.185692157088598,0
2016-02-15,-0.0452443552820279,0
2016-02-16,0.304807350801624,0
2016-02-17,0.0918663474411376,0
2016-02-18,0.457145126182972,0
2016-02-19,0.279489929858876,0
2016-02-22,-0.322695146915305,0
2016-02-23,0.117911137452471,0
2016-02-24,-0.0748966737333868,0
2016-02-25,-0.0473211899067204,0
2016-02-26,0.67798796321063,0
2016-02-29,-0.217120079910306,0
2016-03-01,0.541824426513229,0
2016-03-02,0.0207392181921638,0
2016-03-03,0.443795442475978,0
2016-03-04,-0.578758201020074,0
2016-03-07,-0.595047121586826,0
2016-03-08,0.0351105439937676,0
2016-03-09,-0.489291401567485,0
2016-03-10,-0.0700928204203633,0
2016-03-11,0.235565799920462,0
2016-03-14,-0.0974492406298691,0
2016-03-15,-0.567695377704224,0
2016-03-16,-0.132130945286575,0
2016-03-17,0.398610063871821,0
2016-03-18,0.135921170298183,0
2016-03-21,0.644334123871164,0
2016-03-22,-0.0331344566423766,0
2016-03-23,-0.0968672174522825,0
2016-03-24,0.0913055750800629,0
2016-03-25,0.200844239094231,0
2016-03-28,0.32987535084461,0
2016-03-29,-0.126454712840561,0
2016-03-30,0.177360445804742,0
2016-03-31,-0.491864401293994,0
2016-04-01,0.44705859897327,0
2016-04-04,-0.794379304979086,0
2016-04-05,0.435408016426794,0
2016-04-06,0.260551757139652,0
2016-04-07,0.0186435409916712,0
2016-04-08,-0.691067501865393,0
2016-04-11,0.119208153537397,0
2016-04-12,0.149208793585957,0
2016-04-13,0.773157346622827,0
2016-04-14,-0.509113171766223,0
2016-04-15,0.258050210455733,0
2016-04-18,0.352601020518992,0
2016-04-19,0.172097639106191,0
2016-04-20,0.376866982214696,0
2016-04-21,-0.285831312894818,0
2016-04-22,-0.699403866339853,0
2016-04-25,-0.074755421444661,0
2016-04-26,-0.171076837726063,0
2016-04-27,0.371774885692132,0
2016-04-28,-0.18654566740194,0
2016-04-29,0.546182829493843,0
2016-05-02,0.285375884347305,0
2016-05-03,-0.0291056173361979,0
2016-05-04,0.21386730692535,0
2016-05-05,0.152029035621516,0
2016-05-06,-0.276115047771488,0
2016-05-09,0.112749911052267,0
2016-05-10,0.577874398492338,0
2016-05-11,0.55414030751602,0
2016-05-12,0.243320328623941,0
2016-05-13,-0.461691409792642,0
2016-05-16,0.944824300831759,0
2016-05-17,0.291669638176704,0
2016-05-18,-0.0247921691732028,0
2016-05-19,-0.434879530431628,0
2016-05-20,0.0483573598673835,0
2016-05-23,-0.453453580087247,0
2016-05-24,1.52964982157717,0
2016-05-25,0.6024848478508,0
2016-05-26,-0.219441551365241,0
2016-05-27,-0.244036298343964,0
2016-05-30,0.10682098184832,0
2016-05-31,0.225016845626378,0
2016-06-01,0.298400560239526,0
2016-06-02,-0.735888084403424,0
2016-06-03,-0.394484814029364,0
2016-06-06,-1.02826213019352,0
2016-06-07,-0.257679638256718,0
2016-06-08,0.483190475349092,0
2016-06-09,-0.0918664854279206,0
2016-06-10,-0.146701694540227,0
2016-06-13,0.042238511623786,0
2016-06-14,-0.373797695059648,0
2016-06-15,-0.668629094444278,0
2016-06-16,0.43893384641089,0
2016-06-17,-0.144763236013022,0
2016-06-20,0.347350969717167,0
2016-06-21,-1.22290319727189,0
2016-06-22,0.424337435606471,0
2016-06-23,0.0475930068003079,0
2016-06-24,0.354507273634838,0
2016-06-27,-0.452842562695082,0
2016-06-28,-0.397940140684162,0
2016-06-29,-0.223221926548274,0
2016-06-30,-0.515150861366257,0
2016-07-01,0.20750859372401,0
2016-07-04,0.0334086692603406,0
2016-07-05,-0.117470697325979,0
2016-07-06,0.0497011486695919,0
2016-07-07,-0.17562975143673,0
2016-07-08,0.119371634178684,0
2016-07-11,-0.124964890106099,0
2016-07-12,-0.0854658733935236,0
2016-07-13,-0.195146551640575,0
2016-07-14,-0.622084971360824,0
2016-07-15,0.0689069073800739,0
2016-07-18,-1.0921043583056,0
2016-07-19,-0.337153645484418,0
2016-07-20,-0.241053677546424,0
2016-07-21,-0.0179670935950508,0
2016-07-22,-0.531774542247251,0
2016-07-25,0.550544793296677,0
2016-07-26,1.18263678134967,0
2016-07-27,-0.531262757106823,0
2016-07-28,0.61791381889899,0
2016-07-29,0.201240479830973,0
2016-08-01,0.0533675339806457,0
2016-08-02,-0.314601077149653,0
2016-08-03,0.0252405756931187,0
2016-08-04,-0.29976867210359,0
2016-08-05,0.235371006909795,0
2016-08-08,0.451534882889234,0
2016-08-09,0.434433107593131,0
2016-08-10,-0.116745936944826,0
2016-08-11,0.286655857439503,0
2016-08-12,0.140917197366656,0
2016-08-15,-0.198687618530075,0
2016-08-16,0.153847215050895,0
2016-08-17,0.071027561630764,0
2016-08-18,0.000827343511726451,0
2016-08-19,0.228322925916852,0
2016-08-22,-0.0457127481047621,0
2016-08-23,0.0584536832698909,0
2016-08-24,-0.10117635681621,0
2016-08-25,-0.519334838059362,0
2016-08-26,0.530078901766509,0
2016-08-29,0.667937730935493,0
2016-08-30,0.974364548720439,0
2016-08-31,-0.0680676988589116,0
2016-09-01,0.0182338096725321,0
2016-09-02,0.154299671514221,0
2016-09-05,-0.0806422742718175,0
2016-09-06,0.390902008539292,0
2016-09-07,-0.219499123983207,0
2016-09-08,0.251756744424489,0
2016-09-09,-0.0736083788997797,0
2016-09-12,-0.406978304040659,0
2016-09-13,-0.05445029373219,0
2016-09-14,0.154362430233969,0
2016-09-15,0.358466573951602,0
2016-09-16,0.359160240916236,0
2016-09-19,-0.0997124961444122,0
2016-09-20,0.246548946708463,0
2016-09-21,-0.30059642960126,0
2016-09-22,-0.647381354277086,0
2016-09-23,-0.561144566728032,0
2016-09-26,-0.910153151870456,0
2016-09-27,-0.84635126260273,0
2016-09-28,-0.634516753735081,0
2016-09-29,0.43000081278721,0
2016-09-30,0.792385950620879,0
2016-10-03,-0.0535940642514828,0
2016-10-04,0.556609868366951,0
2016-10-05,0.139406992116796,0
2016-10-06,0.020434931768913,0
2016-10-07,-0.717087059820253,0
2016-10-10,-0.131301422320437,0
2016-10-11,-0.637552695802352,0
2016-10-12,0.114708113083082,0
2016-10-13,-0.224813117591217,0
2016-10-14,0.0210330152697481,0
2016-10-17,-0.031890794002527,0
2016-10-18,-0.433754830313395,0
2016-10-19,-0.085164147639455,0
2016-10-20,0.227212888627528,0
2016-10-21,0.0646796421771654,0
2016-10-24,-0.392981648222534,0
2016-10-25,0.21476814681319,0
2016-10-26,0.817223737638321,0
2016-10-27,0.029083693496893,0
2016-10-28,-0.500366262910833,0
2016-10-31,0.152004246351401,0
2016-11-01,0.180475143280904,0
2016-11-02,-1.21440854454444,0
2016-11-03,-0.514905233421355,0
2016-11-04,0.621065016559555,0
2016-11-07,-0.276812489112611,0
2016-11-08,-0.789898237242749,0
2016-11-09,0.205432779993043,0
2016-11-10,-0.45878820341613,0
2016-11-11,1.14668326857959,0
2016-11-14,-0.274602130578933,0
2016-11-15,0.605562542086447,0
2016-11-16,-0.510405865386247,0
2016-11-17,-0.123981439896408,0
2016-11-18,-0.91343264154859,0
2016-11-21,-1.26892618786472,0
2016-11-22,0.400494824789686,0
2016-11-23,0.574567144053093,0
2016-11-24,-0.229058897299122,0
2016-11-25,-0.206403617877619,0
2016-11-28,0.604562940299045,0
2016-11-29,0.374322376558625,0
2016-11-30,-0.0716249208738015,0
2016-12-01,0.385581839561229,0
2016-12-02,0.24483990105846,0
2016-12-05,0.0699016705575621,0
2016-12-06,1.01612613161031,0
2016-12-07,-0.143523266379229,0
2016-12-08,0.629227038311871,0
2016-12-09,0.460837795730851,0
2016-12-12,0.510861946366287,0
2016-12-13,0.411659837877723,0
2016-12-14,-0.0147332888618202,0
2016-12-15,0.145994146811727,0
2016-12-16,0.533064514376682,0
2016-12-19,-1.52463506172215,0
2016-12-20,0.784660386121137,0
2016-12-21,0.268691661012368,0
2016-12-22,-0.283961133229614,0
2016-12-23,-0.797848781050797,0
2016-12-26,-0.295133423560012,0
2016-12-27,-0.428382866979295,0
2016-12-28,-0.536113138864801,0
2016-12-29,-0.155149193975144,0
2016-12-30,0.656708882571747,0
2017-01-02,0.0986206347593029,0
2017-01-03,-0.302707150070897,0
2017-01-04,-0.319126519245346,0
2017-01-05,0.540572790032563,0
2017-01-06,-0.0736169593289498,0
2017-01-09,0.196052437038843,0
2017-01-10,0.155515692120692,0
2017-01-11,-0.165514886482991,0
2017-01-12,0.548367884466914,0
2017-01-13,-0.136611484224922,0
2017-01-16,0.120097213112337,0
2017-01-17,-0.921448762370747,0
2017-01-18,0.566422704667053,0
2017-01-19,1.04246133630219,0
2017-01-20,0.987348123311624,0
2017-01-23,0.266320594085552,0
2017-01-24,-0.0436886724054519,0
2017-01-25,0.167733822516531,0
2017-01-26,-0.446698219576484,0
2017-01-27,-0.641539119139929,0
2017-01-30,0.0384468316290509,0
2017-01-31,-0.257046230959136,0
2017-02-01,0.0419076914038999,0
2017-02-02,-0.481278134508021,0
2017-02-03,-0.695217021108712,0
2017-02-06,0.830897968212681,0
2017-02-07,-1.13056377666817,0
2017-02-08,0.447132619601836,0
2017-02-09,0.306829293642006,0
2017-02-10,1.67367474704873,0
2017-02-13,0.436638130231528,0
2017-02-14,0.509940455968791,0
2017-02-15,-0.227769234671067,0
2017-02-16,-0.240926878762158,0
2017-02-17,-0.086190348796893,0
2017-02-20,0.239633639805322,0
2017-02-21,0.517158349459053,0
2017-02-22,0.00792156088076525,0
2017-02-23,-0.315551220212599,0
2017-02-24,0.0651029636591184,0
2017-02-27,0.55347816744749,0
2017-02-28,0.642171605311632,0
2017-03-01,0.477321876259235,0
2017-03-02,0.41317630529371,0
2017-03-03,0.0204235542928607,0
2017-03-06,-0.360128289499778,0
2017-03-07,-0.298532638266582,0
2017-03-08,-1.06763605865737,0
2017-03-09,-0.519155256166668,0
2017-03-10,-0.310741078377985,0
2017-03-13,0.828877874606476,0
2017-03-14,-1.82998486164784,0
2017-03-15,-0.114557432601026,0
2017-03-16,-1.51694229034543,0
2017-03-17,0.44045503697459,0
2017-03-20,-1.34088935657103,0
2017-03-21,-0.178763487837011,0
2017-03-22,-0.261039312220475,0
2017-03-23,-0.779850004020414,0
2017-03-24,-0.903366246525966,0
2017-03-27,0.294041681162283,0
2017-03-28,0.149716629233178,0
2017-03-29,0.433191869443596,0
2017-03-30,0.376426002657322,0
2017-03-31,0.290975899244275,0
2017-04-03,-0.973023808251311,0
2017-04-04,-0.113022156782069,0
2017-04-05,-0.64505725077762,0
2017-04-06,-0.0990876264154691,0
2017-04-07,-0.0599696183917318,0
2017-04-10,-1.18516163631599,0
2017-04-11,-0.603881139056548,0
2017-04-12,-1.23399551482066,0
2017-04-13,-1.10804681784866,0
2017-04-14,0.281029502781259,0
2017-04-17,-1.15303274132977,0
2017-04-18,1.10436468483246,0
2017-04-19,0.0160235565527185,0
2017-04-20,-0.273182384862195,0
2017-04-21,-0.434551868596595,0
2017-04-24,0.0564880983950729,0
2017-04-25,0.693690374472329,0
2017-04-26,0.25552130747132,0
2017-04-27,-0.047271481870973,0
2017-04-28,-1.96332976388604,0
2017-05-01,0.630153005470222,0
2017-05-02,-0.95946929903996,0
2017-05-03,-0.221037182598265,0
2017-05-04,0.0806550346914705,0
2017-05-05,0.242148278878723,0
2017-05-08,-0.349139913352386,0
2017-05-09,-0.0820849037508686,0
2017-05-10,-0.265396637892317,0
2017-05-11,0.0671739504336224,0
2017-05-12,-0.0235701440365563,0
2017-05-15,-0.162241665749793,0
2017-05-16,0.232313038598354,0
2017-05-17,0.208104732472909,0
2017-05-18,-0.0378813953874939,0
2017-05-19,0.772391864023896,0
2017-05-22,-0.272881675337834,0
2017-05-23,0.748532536209923,0
2017-05-24,-0.0192711751747029,0
2017-05-25,0.121847735827804,0
2017-05-26,0.276420116256312,0
2017-05-29,0.363008552704101,0
2017-05-30,0.25562850169146,0
2017-05-31,0.0720912584241014,0
2017-06-01,-0.0178823487300945,0
2017-06-02,0.0347489723585759,0
2017-06-05,-0.669285429206057,0
2017-06-06,-0.0503383520763018,0
2017-06-07,0.117683371031604,0
2017-06-08,-0.378583440323777,0
2017-06-09,0.0573515190322401,0
2017-06-12,1.27814385878194,0
2017-06-13,0.26153620030407,0
2017-06-14,0.171995133688907,0
2017-06-15,0.231122404731283,0
2017-06-16,0.917379670809074,0
2017-06-19,-0.501648174040713,0
2017-06-20,-0.259902793292474,0
2017-06-21,0.361333304828679,0
2017-06-22,0.903354903845963,0
2017-06-23,0.757491387767879,0
2017-06-26,0.0526799450610171,0
2017-06-27,0.11133310468727,0
2017-06-28,0.457870483460211,0
2017-06-29,0.382408735433451,0
2017-06-30,0.086692492392471,0
2017-07-03,0.8563298805414,0
2017-07-04,0.121699827129007,0
2017-07-05,0.787618791924327,0
2017-07-06,-1.00102515338915,0
2017-07-07,0.121326527376777,0
2017-07-10,-0.650361275877227,0
2017-07-11,0.768657684786849,0
2017-07-12,-0.608492118768399,0
2017-07-13,-0.839298790455467,0
2017-07-14,-0.578233014065041,0
2017-07-17,0.44492761025505,0
2017-07-18,0.539908615869194,0
2017-07-19,-0.263313666705125,0
2017-07-20,0.839589251763997,0
2017-07-21,-0.0595666894134152,0
2017-07-24,0.39659216264739,0
2017-07-25,-0.670114617968247,0
2017-07-26,-0.577173133174437,0
2017-07-27,0.118169805595637,0
2017-07-28,-0.577728048050918,0
2017-07-31,0.23496920365001,0
2017-08-01,-0.445263369038191,0
2017-08-02,-0.213783429046695,0
2017-08-03,-0.297063836646397,0
2017-08-04,2.18467697712296,0
2017-08-07,-0.247464860708623,0
2017-08-08,-0.287299775961123,0
2017-08-09,0.0215210148077414,0
2017-08-10,-0.515178096671826,0
2017-08-11,-0.540543996520276,0
2017-08-14,-0.796736206850006,0
2017-08-15,0.297869973869958,0
2017-08-16,0.459347408465668,0
2017-08-17,0.861345326817321,0
2017-08-18,4.22958959552316,0
2017-08-21,-0.419468607134177,0
2017-08-22,0.219305428749635,0
2017-08-23,1.38230384671033,0
2017-08-24,0.318157789864953,0
2017-08-25,-0.134817672596111,0
2017-08-28,1.10697215912037,0
2017-08-29,-0.223552731221287,0
2017-08-30,0.164924804956759,0
2017-08-31,1.28193032686295,0
2017-09-01,0.84824116827663,0
2017-09-04,0.323193878124141,0
2017-09-05,-0.198420026493191,0
2017-09-06,-0.456235962925774,0
2017-09-07,-0.0188380830355068,0
2017-09-08,-0.135077584485612,0
2017-09-11,0.297424831175735,0
2017-09-12,-0.0225761118600738,0
2017-09-13,-0.223173143472056,0
2017-09-14,1.15716127083722,0
2017-09-15,-0.361093051855975,0
2017-09-18,1.15473067138637,0
2017-09-19,-0.0885524408873783,0
2017-09-20,0.209142185498525,0
2017-09-21,0.618568153214189,0
2017-09-22,-0.155172892466206,0
2017-09-25,-0.372536777482889,0
2017-09-26,0.734843914321129,0
2017-09-27,0.0881692697257401,0
2017-09-28,-0.55688126708108,0
2017-09-29,-0.691907916123578,0
2017-10-02,-1.09099473351187,0
2017-10-03,-0.701954610097138,0
2017-10-04,-0.608119060707052,0
2017-10-05,-0.199123572411441,0
2017-10-06,-0.360087347957019,0
2017-10-09,-0.620311881660971,0
2017-10-10,-0.428470695132803,0
2017-10-11,-0.150713338804832,0
2017-10-12,0.57659250474569,0
2017-10-13,-0.22759130047853,0
2017-10-16,0.566451714920168,0
2017-10-17,1.11263774056257,0
2017-10-18,-0.901592354636819,0
2017-10-19,0.737569571716815,0
2017-10-20,-0.595876055994975,0
2017-10-23,-0.0484948078494984,0
2017-10-24,0.201290570318012,0
2017-10-25,-0.0395219694938793,0
2017-10-26,0.760653042767945,0
2017-10-27,0.276576935017684,0
2017-10-30,-0.431478252256021,0
2017-10-31,-0.164200954610783,0
2017-11-01,-0.230358236588342,0
2017-11-02,0.205403916950864,0
2017-11-03,-0.266178047424804,0
2017-11-06,-0.468454490257813,0
2017-11-07,0.109695214256312,0
2017-11-08,0.303052803118726,0
2017-11-09,0.0672197154407672,0
2017-11-10,0.193030097811847,0
2017-11-13,0.441614135917072,0
2017-11-14,0.706107503071606,0
2017-11-15,-0.0190103391552923,0
2017-11-16,0.180031645314308,0
2017-11-17,0.166436760881849,0
2017-11-20,0.0815126432706782,0
2017-11-21,0.228768675533159,0
2017-11-22,-0.113516621262279,0
2017-11-23,-0.0233989524734289,0
2017-11-24,0.256996744720165,0
2017-11-27,-0.420473784176335,0
2017-11-28,-0.439905480656269,0
2017-11-29,-0.38270599418102,0
2017-11-30,0.032068158334664,0
2017-12-01,-0.988116068234207,0
2017-12-04,0.493258998521682,0
2017-12-05,-0.0644743822123769,0
2017-12-06,-1.15141124830603,0
2017-12-07,-0.482376021981542,0
2017-12-08,0.633393288617815,0
2017-12-11,0.16395503988338,0
2017-12-12,-0.0406738527078746,0
2017-12-13,-0.367160108549279,0
2017-12-14,-0.903674000706518,0
2017-12-15,0.282007040565868,0
2017-12-18,-0.923507849235978,0
2017-12-19,0.110346279016451,0
2017-12-20,-0.222639027583313,0
2017-12-21,-0.642995263781198,0
2017-12-22,-0.237549058691207,0
2017-12-25,0.0942511891525248,0
2017-12-26,-0.306818646791088,0
2017-12-27,-0.246943605900516,0
2017-12-28,0.0307329756019457,0
2017-12-29,-0.485737425180044,0
2018-01-01,-0.783606421207224,0
2018-01-02,0.184642741418655,0
2018-01-03,0.576116296004462,0
2018-01-04,-0.48024848955603,0
2018-01-05,0.641570535293724,0
2018-01-08,-0.580387142040114,0
2018-01-09,-0.803637507391635,0
2018-01-10,-0.0189251466456219,0
2018-01-11,0.289811045502135,0
2018-01-12,-0.209523857089386,0
2018-01-15,-1.4313348655471,0
2018-01-16,-0.306072517179085,0
2018-01-17,-0.983819868639726,0
2018-01-18,-0.369419518243144,0
2018-01-19,0.747573819586535,0
2018-01-22,-0.383650508540549,0
2018-01-23,-0.531027809703283,0
2018-01-24,0.317557118044333,0
2018-01-25,-0.544760371788631,0
2018-01-26,-0.256761668140733,0
2018-01-29,0.0906086459393468,0
2018-01-30,0.0123907312592194,0
2018-01-31,0.619216375286536,0
2018-02-01,-0.334017002334023,0
2018-02-02,0.231362503515869,0
2018-02-05,-0.347818287771265,0
2018-02-06,0.490425993218352,0
2018-02-07,0.105422102299172,0
2018-02-08,0.492341817970674,0
2018-02-09,-0.159277123326818,0
2018-02-12,-0.0594408307169665,0
2018-02-13,-0.0506344583324675,0
2018-02-14,0.250559351745451,0
2018-02-15,-0.131706864445947,0
2018-02-16,0.379414701292134,0
2018-02-19,0.184432553241163,0
2018-02-20,-0.132060821382433,0
2018-02-21,0.0425889962060894,0
2018-02-22,-0.319518677067184,0
2018-02-23,0.176384810977508,0
2018-02-26,0.539983112744905,0
2018-02-27,0.789575320555015,0
2018-02-28,0.904522502762967,0
2018-03-01,-0.722351793745671,0
2018-03-02,0.693889280105113,0
2018-03-05,0.453771843696051,0
2018-03-06,0.517582082422126,0
2018-03-07,-0.134989422775628,0
2018-03-08,-0.687940812518667,0
2018-03-09,-0.331264395967968,0
2018-03-12,1.07146895991799,0
2018-03-13,-0.0269316057641255,0
2018-03-14,0.580035050193544,0
2018-03-15,-0.395025567006457,0
2018-03-16,0.152383143631237,0
2018-03-19,0.392907906474403,0
2018-03-20,-0.488279498405133,0
2018-03-21,-0.347359153065021,0
2018-03-22,-0.244008342467971,0
2018-03-23,0.341579646158589,0
2018-03-26,0.711834127750224,0
2018-03-27,-0.26833452639558,0
2018-03-28,0.969751598789621,0
2018-03-29,0.389589330467406,0
2018-03-30,0.663906548714435,0
2018-04-02,-0.487983583725181,0
2018-04-03,-0.0684629008427117,0
2018-04-04,-0.652308057412825,0
2018-04-05,-1.1623467492362,0
2018-04-06,0.539717980311175,0
2018-04-09,0.780882978892597,0
2018-04-10,-0.529889924312176,0
2018-04-11,-1.39285618566358,0
2018-04-12,-0.343488695593938,0
2018-04-13,-0.558923537623213,0
2018-04-16,-0.111085156201596,0
2018-04-17,0.00444250262590056,0
2018-04-18,0.46477968390747,0
2018-04-19,-0.156520533313005,0
2018-04-20,-0.341154035849592,0
2018-04-23,-0.119629452250831,0
2018-04-24,0.396959088925212,0
2018-04-25,0.145171941142503,0
2018-04-26,-1.30868483962908,0
2018-04-27,-0.647895424239161,0
2018-04-30,-0.289933671489073,0
2018-05-01,-0.342267864146953,0
2018-05-02,0.704000259209482,0
2018-05-03,-0.410187397895289,0
2018-05-04,0.119667878465812,0
2018-05-07,-0.026195847458138,0
2018-05-08,-1.18499111042391,0
2018-05-09,0.165413429911532,0
2018-05-10,-0.0693487339626053,0
2018-05-11,-0.0909710229565055,0
2018-05-14,0.393260890120186,0
2018-05-15,0.312241333096519,0
2018-05-16,-0.336769687554484,0
2018-05-17,-0.163872533908881,0
2018-05-18,0.845322420795193,0
2018-05-21,-0.613620561283425,0
2018-05-22,0.688828236324839,0
2018-05-23,0.114905294551968,0
2018-05-24,-0.376068654775112,0
2018-05-25,-0.108021870635666,0
2018-05-28,0.0715103702289039,0
2018-05-29,-0.531351890725523,0
2018-05-30,0.567609628505584,0
2018-05-31,0.0719377271020505,0
2018-06-01,-0.318335302447148,0
2018-06-04,-0.000245278675158164,0
2018-06-05,-0.174615229294268,0
2018-06-06,1.28599476348463,0
2018-06-07,0.152896198780007,0
2018-06-08,0.0217498831789301,0
2018-06-11,-1.10213844877694,0
2018-06-12,-0.132711345638109,0
2018-06-13,0.0384323844193208,0
2018-06-14,0.15165564205531,0
2018-06-15,0.468164306097144,0
2018-06-18,0.54862948823036,0
2018-06-19,0.324586142842034,0
2018-06-20,0.198285974984843,0
2018-06-21,-1.11602048474836,0
2018-06-22,-0.899463638032318,0
2018-06-25,0.373499875465841,0
2018-06-26,-0.156997471923369,0
2018-06-27,0.657335681227596,0
2018-06-28,0.105007564671625,0
2018-06-29,0.515440894433296,0
2018-07-02,-1.02726948533892,0
2018-07-03,-0.0217257465864275,0
2018-07-04,-0.609955020950322,0
2018-07-05,-0.155904891457481,0
2018-07-06,-0.00964855104527631,0
2018-07-09,0.217395105058237,0
2018-07-10,-0.226720120652726,0
2018-07-11,-0.677169911525877,0
2018-07-12,-0.0128916342138173,0
2018-07-13,-0.14633939595939,0
2018-07-16,-0.745556990453295,0
2018-07-17,-0.0274903160097586,0
2018-07-18,0.189307083629852,0
2018-07-19,-0.0923778173746981,0
2018-07-20,-0.494898487558058,0
2018-07-23,0.241954875555707,0
2018-07-24,-0.870458535813263,0
2018-07-25,-0.834532605191802,0
2018-07-26,0.612936575394718,0
2018-07-27,-0.791813943894681,0
2018-07-30,0.0721341151625581,0
2018-07-31,-1.24133283081745,0
2018-08-01,0.405582229750464,0
2018-08-02,-0.5964463008284,0
2018-08-03,-0.117676143008221,0
2018-08-06,-0.758613282657486,0
2018-08-07,0.169260367466011,0
2018-08-08,0.850523935493424,0
2018-08-09,0.124476488121552,0
2018-08-10,-0.472634130201287,0
2018-08-13,-0.101755398464961,0
2018-08-14,-0.359036581147082,0
2018-08-15,0.221263597687661,0
2018-08-16,-0.323627163719477,0
2018-08-17,0.795707334652733,0
2018-08-20,-0.754696771253452,0
2018-08-21,0.121328243580021,0
2018-08-22,0.279677280646701,0
2018-08-23,0.198948755298779,0
2018-08-24,0.309755107526902,0
2018-08-27,-0.192145300460294,0
2018-08-28,0.610999196356777,0
2018-08-29,0.251754225001421,0
2018-08-30,0.145517629917315,0
2018-08-31,0.563690323654803,0
2018-09-03,-0.851559928439387,0
2018-09-04,-0.0448443389627442,0
2018-09-05,0.204886029406758,0
2018-09-06,0.162453644227129,0
2018-09-07,1.09186109450262,0
2018-09-10,0.243124523779782,0
2018-09-11,0.0836800295389562,0
2018-09-12,-0.71470792384979,0
2018-09-13,0.432153731862025,0
2018-09-14,-0.0373334566007039,0
2018-09-17,0.621957560285942,0
2018-09-18,0.523705509695326,0
2018-09-19,0.498359381440052,0
2018-09-20,-0.17171137227323,0
2018-09-21,-0.0808950366555204,0
2018-09-24,-0.438043789853221,0
2018-09-25,-0.212181969393851,0
2018-09-26,0.438318437540966,0
2018-09-27,0.795960725972283,0
2018-09-28,-0.0288454563229587,0
2018-10-01,0.18531358622913,0
2018-10-02,0.0864044699921901,0
2018-10-03,0.209944212199535,0
2018-10-04,0.0563267213462027,0
2018-10-05,0.410619104672557,0
2018-10-08,-0.320394086769122,0
2018-10-09,-0.948593706328918,0
2018-10-10,-0.481462773390065,0
2018-10-11,0.589798438125331,0
2018-10-12,-0.89731435921385,0
2018-10-15,-0.173456309858235,0
2018-10-16,0.778816484663608,0
2018-10-17,-0.702391103408303,0
2018-10-18,0.0509504420861835,0
2018-10-19,0.808477677536425,0
2018-10-22,-0.918642117529491,0
2018-10-23,0.963105166810875,0
2018-10-24,-0.0704532307838961,0
2018-10-25,-0.446546442042449,0
2018-10-26,0.0744440721551676,0
2018-10-29,-1.18367899466862,0
2018-10-30,-0.265439358251697,0
2018-10-31,-0.307683265428043,0
2018-11-01,0.194349184857842,0
2018-11-02,0.297559931980403,0
2018-11-05,0.858719547320515,0
2018-11-06,-0.2196736465059,0
2018-11-07,-0.307588175332133,0
2018-11-08,-0.80043557066258,0
2018-11-09,1.20310259551371,0
2018-11-12,0.115162313405809,0
2018-11-13,0.24642156778991,0
2018-11-14,1.04255388841993,0
2018-11-15,0.548686175573065,0
2018-11-16,0.634859412783971,0
2018-11-19,0.221539500957552,0
2018-11-20,-0.12265371532776,0
2018-11-21,0.0490296558989094,0
2018-11-22,0.561156790115537,0
2018-11-23,-0.715204004254587,0
2018-11-26,0.348814723412345,0
2018-11-27,0.642131073206499,0
2018-11-28,-0.010307327122722,0
2018-11-29,0.438119609641557,0
2018-11-30,0.0142792241076904,0
2018-12-03,0.255365876212975,0
2018-12-04,-0.0289806325235884,0
2018-12-05,0.23807901447895,0
2018-12-06,-0.690947672459662,0
2018-12-07,-0.636026596692752,0
2018-12-10,-0.347130395230091,0
2018-12-11,0.224538730495782,0
2018-12-12,0.798590275133533,0
2018-12-13,0.139530833121113,0
2018-12-14,-0.0788351173291289,0
2018-12-17,1.12588901819294,0
2018-12-18,0.577697781353162,0
2018-12-19,-0.0533880103703042,0
2018-12-20,-0.197927790627701,0
2018-12-21,-0.201919789743496,0
2018-12-24,0.3442981021564,0
2018-12-25,-0.244753327084739,0
2018-12-26,0.115680116592277,0
2018-12-27,0.0921957974492266,0
2018-12-28,-0.471907721022812,0
2018-12-31,0.210347492425352,0
2019-01-01,-0.327922121966949,0
2019-01-02,-0.738335500488981,0
2019-01-03,-0.9319892064574,0
2019-01-04,-0.501370967769156,0
2019-01-07,0.857265278493579,0
2019-01-08,-0.642169121437818,0
2019-01-09,-1.10997144288478,0
2019-01-10,0.411326398665775,0
2019-01-11,-0.172318468168238,0
2019-01-14,0.923519315221074,0
2019-01-15,0.644496309821678,0
2019-01-16,-0.665820048650626,0
2019-01-17,0.27631284629057,0
2019-01-18,-0.871900864664579,0
2019-01-21,-0.0128370292819201,0
2019-01-22,-0.73859726422222,0
2019-01-23,1.02390151534743,0
2019-01-24,-0.364532300925233,0
2019-01-25,0.0621241937579082,0
2019-01-28,0.686608565604813,0
2019-01-29,0.822463292481447,0
2019-01-30,0.252524189027116,0
2019-01-31,0.0540975442943895,0
2019-02-01,0.910284641099814,0
2019-02-04,-0.851017002921296,0
2019-02-05,0.0739489059829226,0
2019-02-06,-0.907445686516936,0
2019-02-07,-1.12718766808741,0
2019-02-08,-0.940175019810613,0
2019-02-11,0.74378545263398,0
2019-02-12,-0.549687126118194,0
2019-02-13,0.125057478948625,0
2019-02-14,0.873769473996433,0
2019-02-15,0.0546626408253343,0
2019-02-18,0.867235807460672,0
2019-02-19,-0.126548602603542,0
2019-02-20,-0.153063548816919,0
2019-02-21,-0.113939531899849,0
2019-02-22,0.44130239753353,0
2019-02-25,0.176618127485541,0
2019-02-26,0.438653250570215,0
2019-02-27,0.48728893872903,0
2019-02-28,-0.423495091993981,0
2019-03-01,0.236370694910516,0
2019-03-04,-0.50995711346869,0
2019-03-05,-0.123943167398291,0
2019-03-06,-1.21481736248013,0
2019-03-07,0.365215427621955,0
2019-03-08,0.570752974843126,0
2019-03-11,-0.150934667571604,0
2019-03-12,-0.0215660126342756,0
2019-03-13,-0.528633424778715,0
2019-03-14,-0.64380952022202,0
2019-03-15,0.00221313069685241,0
2019-03-18,-1.04214599415713,0
2019-03-19,-0.159173051143037,0
2019-03-20,-0.336522582305607,0
2019-03-21,0.671157905970008,0
2019-03-22,0.440906158009026,0
2019-03-25,0.848104329925893,0
2019-03-26,-0.154412793600412,0
2019-03-27,0.202322103630756,0
2019-03-28,0.172101136940238,0
2019-03-29,0.440036174960488,0
2019-04-01,0.419472261174562,0
2019-04-02,0.643661449040119,0
2019-04-03,-0.362766449385843,0
2019-04-04,0.399350579960718,0
2019-04-05,1.40658801784308,0
2019-04-08,1.40306753953835,0
2019-04-09,0.849924603216992,0
2019-04-10,1.01062069356971,0
2019-04-11,1.16140618884032,0
2019-04-12,0.700566620259045,0
2019-04-15,0.216220543177508,0
2019-04-16,-0.47048852163335,0
2019-04-17,-0.00877970780637594,0
2019-04-18,0.419706944516656,0
2019-04-19,0.143517922688413,0
2019-04-22,-0.257979523145026,0
2019-04-23,0.664319049467482,0
2019-04-24,0.394482885246884,0
2019-04-25,-0.160248129920422,0
2019-04-26,0.0172199301003873,0
2019-04-29,-0.579156424110945,0
2019-04-30,-0.00050602494340465,0
2019-05-01,-0.0691404891650018,0
2019-05-02,0.057695045501263,0
2019-05-03,0.0284935048731424,0
2019-05-06,-0.761232201794373,0
2019-05-07,0.353634438363969,0
2019-05-08,-0.0417255971027918,0
2019-05-09,-0.321137339826288,0
2019-05-10,1.43474991626994,0
2019-05-13,-0.981338966906952,0
2019-05-14,-0.359659557625962,0
2019-05-15,1.04936670570818,0
2019-05-16,1.03992889999643,0
2019-05-17,-0.0699268761837099,0
2019-05-20,-0.285043929145287,0
2019-05-21,-0.817723639318513,0
2019-05-22,0.06225763375595,0
2019-05-23,-0.180217232375451,0
2019-05-24,-0.803493226274758,0
2019-05-27,-0.695713366491155,0
2019-05-28,0.766385882117937,0
2019-05-29,-0.492074415208043,0
2019-05-30,-0.123721970739197,0
2019-05-31,-0.0191043580640653,0
2019-06-03,0.94029914740435,0
2019-06-04,0.146114674420502,0
2019-06-05,-0.220910661849787,0
2019-06-06,0.186134609161651,0
2019-06-07,0.374220467040376,0
2019-06-10,-0.839619460333605,0
2019-06-11,-0.287535525658259,0
2019-06-12,-0.207569936733009,0
2019-06-13,-0.816307999463106,0
2019-06-14,0.814304495150627,0
2019-06-17,0.203636741670267,0
2019-06-18,-0.464414702745267,0
2019-06-19,0.142793493940075,0
2019-06-20,0.301268972490079,0
2019-06-21,-0.343156012344385,0
2019-06-24,-0.361087423488608,0
2019-06-25,-0.362187631542241,0
2019-06-26,0.00187339025231495,0
2019-06-27,-0.347070224856238,0
2019-06-28,1.04017789324292,0
2019-07-01,-0.276569747108032,0
2019-07-02,0.282855125243071,0
2019-07-03,0.12155746459225,0
2019-07-04,-0.178563472197743,0
2019-07-05,0.605626457887453,0
2019-07-08,-0.888825684019588,0
2019-07-09,0.800804010213192,0
2019-07-10,0.0753158753111267,0
2019-07-11,0.0193337407038712,0
2019-07-12,-0.0354221329359259,0
2019-07-15,-0.484993201917689,0
2019-07-16,0.4168180771593,0
2019-07-17,0.604177224852458,0
2019-07-18,-0.320547691151616,0
2019-07-19,0.249242897670646,0
2019-07-22,-1.10344117647982,0
2019-07-23,-0.649901099962541,0
2019-07-24,-0.361716505635198,0
2019-07-25,-1.16368850533201,0
2019-07-26,-0.141159001264749,0
2019-07-29,0.991966829011859,0
2019-07-30,1.43089138012747,0
2019-07-31,-0.367363962135225,0
2019-08-01,-0.235883028555922,0
2019-08-02,-0.437867094275773,0
2019-08-05,0.176903493546255,0
2019-08-06,-0.409936062683017,0
2019-08-07,-0.745303119131653,0
2019-08-08,0.763774600672967,0
2019-08-09,0.0629555211936052,0
2019-08-12,0.0686514315056233,0
2019-08-13,-0.270349593475618,0
2019-08-14,-0.0723344553585788,0
2019-08-15,-1.00214935642991,0
2019-08-16,-0.676465377872461,0
2019-08-19,0.491704902135746,0
2019-08-20,0.0922710751157297,0
2019-08-21,0.10322808502524,0
2019-08-22,1.05084798975527,0
2019-08-23,0.238028298179369,0
2019-08-26,-0.447498075701519,0
2019-08-27,-0.153989710198354,0
2019-08-28,-0.0467541585504237,0
2019-08-29,0.750711187427552,0
2019-08-30,0.164902527887986,0
2019-09-02,-0.0563234203437246,0
2019-09-03,-0.521329546183142,0
2019-09-04,-0.0415143039384173,0
2019-09-05,-0.13962313779417,0
2019-09-06,0.464255304789253,0
2019-09-09,0.610742723174892,0
2019-09-10,-0.379691617599879,0
2019-09-11,-0.471064584310002,0
2019-09-12,0.0972990996818464,0
2019-09-13,-0.0437514127625333,0
2019-09-16,0.129445091415669,0
2019-09-17,-0.0527871571694119,0
2019-09-18,-0.64481845511196,0
2019-09-19,0.401452891089818,0
2019-09-20,-0.396747248249014,0
2019-09-23,1.30558099825571,0
2019-09-24,-0.00713972347088554,0
2019-09-25,0.174691634847343,0
2019-09-26,0.318058940805505,0
2019-09-27,-0.0372187013112978,0
2019-09-30,-0.536167777309353,0
2019-10-01,-0.126382909166098,0
2019-10-02,0.0249604809871931,0
2019-10-03,-0.760043807414575,0
2019-10-04,0.311603886144301,0
2019-10-07,0.400421983722571,0
2019-10-08,0.30620227853111,0
2019-10-09,-0.482440265579337,0
2019-10-10,0.601997022102467,0
2019-10-11,0.572123895877016,0
2019-10-14,-0.0581164532677659,0
2019-10-15,-0.106105619359346,0
2019-10-16,0.405274085727348,0
2019-10-17,0.0559197610518612,0
2019-10-18,0.18604011044213,0
2019-10-21,0.487687137305253,0
2019-10-22,-0.341377901999074,0
2019-10-23,0.347217408678121,0
2019-10-24,0.766745904358136,0
2019-10-25,-0.179889957220406,0
2019-10-28,-0.611762202087443,0
2019-10-29,0.197500678646805,0
2019-10-30,-0.384593299670416,0
2019-10-31,0.0257517144081011,0
2019-11-01,0.130771173641354,0
2019-11-04,-0.414344164688767,0
2019-11-05,-0.406893739552981,0
2019-11-06,0.646367883285133,0
2019-11-07,0.284706232903875,0
2019-11-08,0.215265623370168,0
2019-11-11,-0.723899818601482,0
2019-11-12,-0.56675959739556,0
2019-11-13,-0.333491049537756,0
2019-11-14,0.388528081773698,0
2019-11-15,0.647775788551602,0
2019-11-18,-0.412337338716491,0
2019-11-19,0.248664595645447,0
2019-11-20,0.270081356832508,0
2019-11-21,-0.0468984287825767,0
2019-11-22,-0.0903281098483021,0
2019-11-25,0.901962333986454,0
2019-11-26,-0.551756309562007,0
2019-11-27,-0.612778312440958,0
2019-11-28,-0.36712139823681,0
2019-11-29,0.05360564167852,0
2019-12-02,0.086402424336319,0
2019-12-03,0.0446246277187902,0
2019-12-04,0.55836329196859,0
2019-12-05,0.876307196349711,0
2019-12-06,0.00532559491380576,0
2019-12-09,-0.406099256874643,0
2019-12-10,0.18605674644273,0
2019-12-11,0.615201784162203,0
2019-12-12,0.773428728885223,0
2019-12-13,-0.103256391302038,0
2019-12-16,0.694579071231657,0
2019-12-17,-0.0553872632908847,0
2019-12-18,-0.491891134291871,0
2019-12-19,-0.138902890239773,0
2019-12-20,-0.542613357350518,0
2019-12-23,-0.848894664606327,0
2019-12-24,1.06126585087487,0
2019-12-25,0.258111406674467,0
2019-12-26,0.0895918155954082,0
2019-12-27,-0.621628020183527,0
2019-12-30,-0.0129197833489352,0
2019-12-31,-0.374544156377582,0
2020-01-01,0.591115916933245,0
2020-01-02,0.045069799731588,0
2020-01-03,0.211399616137204,0
2020-01-06,0.423630375529671,0
2020-01-07,-0.0259400205923578,0
2020-01-08,1.08363463869571,0
2020-01-09,-0.271081993981663,0
2020-01-10,0.193729437897134,0
2020-01-13,-0.722124927443637,0
2020-01-14,0.0975217263605277,0
2020-01-15,0.213014234831402,0
2020-01-16,-0.407765561141617,0
2020-01-17,-0.303793595520089,0
2020-01-20,1.97462224376548,0
2020-01-21,0.574331408882673,0
2020-01-22,0.954989894753073,0
2020-01-23,0.282845245589444,0
2020-01-24,0.455208178242903,0
2020-01-27,0.272774792672988,0
2020-01-28,0.409391997340217,0
2020-01-29,-0.336386789706005,0
2020-01-30,-0.53286462633217,0
2020-01-31,0.51255642501591,0
2020-02-03,-0.571125347750887,0
2020-02-04,-0.314020056042253,0
2020-02-05,0.731828573308597,0
2020-02-06,0.545600051513824,0
2020-02-07,-0.473093289175375,0
2020-02-10,-0.141967994654416,0
2020-02-11,0.171923947827597,0
2020-02-12,-1.18970921287186,0
2020-02-13,-0.266962442650028,0
2020-02-14,0.384508724832599,0
2020-02-17,-0.770216711367961,0
2020-02-18,0.101144651880375,0
2020-02-19,-0.154144357024185,0
2020-02-20,0.370233833723166,0
2020-02-21,0.0566428548541765,0
2020-02-24,-0.14490940915828,0
2020-02-25,-0.311532271100042,0
2020-02-26,-0.119255766927141,0
2020-02-27,0.241598643578572,0
2020-02-28,0.481034798865964,0
2020-03-02,-0.17622714699385,0
2020-03-03,-1.04721678978992,0
2020-03-04,1.59437205088101,0
2020-03-05,0.587104523158245,0
2020-03-06,-0.48123764815831,0
2020-03-09,0.12635710907012,0
2020-03-10,0.357727679628751,0
2020-03-11,0.624052834542639,0
2020-03-12,0.196387807460696,0
2020-03-13,0.40375708791678,0
2020-03-16,0.222703108529748,0
2020-03-17,-0.139248253237562,0
2020-03-18,0.362518363815596,0
2020-03-19,-0.69271500917756,0
2020-03-20,0.396218674871525,0
2020-03-23,0.0127261562818301,0
2020-03-24,-0.108744945073867,0
2020-03-25,-0.628287350245291,0
2020-03-26,0.272206397212207,0
2020-03-27,0.0401110353517136,0
2020-03-30,-0.278803519633111,0
2020-03-31,-0.345393680383444,0
2020-04-01,0.299124156652125,0
2020-04-02,0.00901989017598788,0
2020-04-03,0.132520473801438,0
2020-04-06,0.271986965432345,0
2020-04-07,0.488749936040203,0
2020-04-08,-0.635335956391726,0
2020-04-09,0.180587830542186,0
2020-04-10,-0.0586021414991799,0
2020-04-13,-0.277710718270085,0
2020-04-14,0.367989688524219,0
2020-04-15,0.19329771928802,0
2020-04-16,0.165509950981582,0
2020-04-17,-0.114819115875907,0
2020-04-20,-0.0360209593440168,0
2020-04-21,0.171871890905089,0
2020-04-22,-0.0191701718341481,0
2020-04-23,-0.271726431038881,0
2020-04-24,1.46702377236429,0
2020-04-27,-0.026411762746536,0
2020-04-28,-0.295787948602402,0
2020-04-29,0.384214066123891,0
2020-04-30,0.507545142973639,0
2020-05-01,-0.2132388552297,0
2020-05-04,-0.330584900652359,0
2020-05-05,-1.09865946435787,0
2020-05-06,-0.1238489386966,0
2020-05-07,-0.0252809751546049,0
2020-05-08,0.325717894146422,0
2020-05-11,1.22171468098251,0
2020-05-12,0.137512140748787,0
2020-05-13,-0.0471497562789624,0
2020-05-14,0.176958527188845,0
2020-05-15,-0.00916693659987962,0
2020-05-18,0.193727700284382,0
2020-05-19,-0.216536813415721,0
2020-05-20,0.152306740106463,0
2020-05-21,-0.703221083161173,0
2020-05-22,-0.108692430448614,0
2020-05-25,0.193777883508012,0
2020-05-26,-0.738660681280831,0
2020-05-27,0.439370166359371,0
2020-05-28,-0.387063758399424,0
2020-05-29,-0.0911049049062179,0
2020-06-01,-0.11413939465699,0
2020-06-02,0.0107797070516175,0
2020-06-03,-0.782777051387822,0
2020-06-04,-0.0327836425541192,0
2020-06-05,0.407283039032649,0
2020-06-08,-0.725071102343146,0
2020-06-09,0.532590877158926,0
2020-06-10,0.150669637489196,0
2020-06-11,-0.0628293286381947,0
2020-06-12,0.20355583882675,0
2020-06-15,-0.736509193554776,0
2020-06-16,0.136861182289699,0
2020-06-17,0.225784458499588,0
2020-06-18,-0.725110583252645,0
2020-06-19,-0.270732222455263,0
2020-06-22,0.256410656225794,0
2020-06-23,-0.0696776571759766,0
2020-06-24,0.264180536205202,0
2020-06-25,0.799930183940023,0
2020-06-26,0.0728064385402199,0
2020-06-29,0.851839908793445,0
2020-06-30,-0.162614922239728,0
2020-07-01,-0.809889003532102,0
2020-07-02,0.262363583422715,0
2020-07-03,-0.610779415482031,0
2020-07-06,-0.115770692354446,0
2020-07-07,0.592627719192248,0
2020-07-08,-1.0080656195613,1
2020-07-09,1.19832257515852,1
2020-07-10,0.831690738832383,1
2020-07-13,-0.0196056391950606,1
2020-07-14,-0.363095267969176,1
2020-07-15,-0.662662682331924,1
2020-07-16,1.95589917268585,1
2020-07-17,-0.218656662871109,1
2020-07-20,0.154966457987081,1
2020-07-21,-2.32252321592061,1
2020-07-22,0.526464061886326,1
2020-07-23,-1.19465903520119,1
2020-07-24,-0.716782972181774,1
2020-07-27,-0.942429192296191,1
2020-07-28,0.914843397997379,1
2020-07-29,-1.09395472979238,1
2020-07-30,-1.32634594067199,1
2020-07-31,0.982798192192581,1
2020-08-03,-0.605584657600554,1
2020-08-04,2.22885016137994,1
2020-08-05,-0.897191144788431,1
2020-08-06,0.266005659003102,1
2020-08-07,-2.04767886898854,1
2020-08-10,-2.58312781188928,1
2020-08-11,-0.458755199700167,1
2020-08-12,1.85793751111242,1
2020-08-13,0.353380211304702,1
2020-08-14,-0.392684601144698,1
2020-08-17,0.685014444139014,1
2020-08-18,0.0444763186026458,1
2020-08-19,0.818182108372372,1
2020-08-20,0.765616666758906,1
2020-08-21,-0.388201414795991,1
2020-08-24,0.486779541809459,1
2020-08-25,-0.184424766676879,1
2020-08-26,0.0292810889463955,1
2020-08-27,0.0631663401954051,1
2020-08-28,-0.248270334080874,1
2020-08-31,1.30491918072289,1
2020-09-01,-0.16884518864444,1
2020-09-02,-1.44709032080799,1
2020-09-03,0.141790598598696,1
2020-09-04,2.22420038109951,1
2020-09-07,-4.08675346083484,1
2020-09-08,-0.0721858927601145,1
2020-09-09,-1.01955336221059,1
2020-09-10,-0.550824105092486,1
2020-09-11,0.21097040125153,1
2020-09-14,1.93095663991881,1
2020-09-15,0.693527688814263,1
2020-09-16,-0.593600275009379,1
2020-09-17,1.03173611904523,1
2020-09-18,0.206063864755786,1
2020-09-21,0.367413945714264,1
2020-09-22,-0.296488431538331,1
2020-09-23,-1.63531980931867,1
2020-09-24,-0.214623873084979,1
2020-09-25,-1.01363935837195,1
2020-09-28,0.0434010567220146,1
2020-09-29,-0.635765657738448,1
2020-09-30,-1.60925596675061,1
2020-10-01,2.69628127204641,1
2020-10-02,-1.03670837786326,1
2020-10-05,-0.993888439494276,1
2020-10-06,-1.87195610628085,1
2020-10-07,-1.89640054280182,1
2020-10-08,1.42948085625465,1
2020-10-09,0.337572439695128,1
2020-10-12,0.584827969393273,1
2020-10-13,0.169060863107849,1
2020-10-14,0.337685061165094,1
2020-10-15,0.61310228227546,1
2020-10-16,0.267603906355767,1
2020-10-19,-0.100452126807851,1
2020-10-20,-0.36532201507281,1
2020-10-21,-0.117828921213308,1
2020-10-22,0.713376747251952,1
2020-10-23,-0.572441796381238,1
2020-10-26,1.72590280044527,1
2020-10-27,0.215702304797086,1
2020-10-28,-0.567620853249187,1
2020-10-29,0.35261389013232,1
2020-10-30,-1.36848956705563,1
2020-11-02,-0.00045979794165504,1
2020-11-03,-0.856513581844121,1
2020-11-04,1.51994199379703,1
2020-11-05,1.12249437571144,1
2020-11-06,0.301906592957262,1
2020-11-09,0.14553567041956,1
2020-11-10,0.416614212339232,1
2020-11-11,-0.381215041799164,1
2020-11-12,-1.41006706428781,1
2020-11-13,0.53562579220836,1
2020-11-16,0.627512172455419,1
2020-11-17,1.62503863474278,1
2020-11-18,-0.648169801047048,1
2020-11-19,1.44840720343912,1
2020-11-20,-2.46667976760329,1
2020-11-23,-1.47783866500305,1
2020-11-24,-1.72727688498372,1
2020-11-25,-2.40414156790274,1
2020-11-26,-0.467739599514135,1
2020-11-27,0.359961285244965,1
2020-11-30,-0.0761465898998081,1
2020-12-01,1.22826392668979,1
2020-12-02,-0.973360527299414,1
2020-12-03,-0.321018918245613,1
2020-12-04,0.172520316430234,1
2020-12-07,0.510680412403014,1
2020-12-08,0.255246491636889,1
2020-12-09,1.34909414569744,1
2020-12-10,-2.23850867905217,1
2020-12-11,0.453743698163526,1
2020-12-14,-0.91130351830875,1
2020-12-15,0.0156640592480962,1
2020-12-16,0.29404150951067,1
2020-12-17,-0.627794169637102,1
2020-12-18,-0.497129042222491,1
2020-12-21,-0.0132295101154624,1
2020-12-22,-0.192174506206453,1
2020-12-23,-0.263320103703683,1
2020-12-24,0.121127107591694,1
2020-12-25,0.680485532886494,1
2020-12-28,-0.0474647158418377,1
2020-12-29,0.564105243910901,1
2020-12-30,2.03231238064882,1
2020-12-31,1.46460121227066,1
2021-01-01,0.70381969228395,1
2021-01-04,0.941156227087188,1
2021-01-05,1.77545123812824,1
2021-01-06,-0.733686275909126,1
2021-01-07,1.25782592837984,1
2021-01-08,2.02264949787593,1
2021-01-11,0.942841945238342,1
2021-01-12,1.75719825645564,1
2021-01-13,1.16287745534615,1
2021-01-14,-0.916773363424825,1
2021-01-15,-0.249390827369949,1
2021-01-18,-1.13363063821342,1
2021-01-19,0.256989816685701,1
2021-01-20,0.937957416396448,1
2021-01-21,-0.746757946263901,1
2021-01-22,0.899625696225323,1
2021-01-25,0.268483901989098,1
2021-01-26,0.486798685301689,1
2021-01-27,-0.316390660731923,1
2021-01-28,-0.216907405415229,1
2021-01-29,0.618049611940169,1
2021-02-01,-0.694355336061243,1
2021-02-02,1.25650187759808,1
2021-02-03,-0.204574479623102,1
2021-02-04,0.216856251161846,1
2021-02-05,1.66191937384556,1
2021-02-08,-0.0204728261339706,1
2021-02-09,-1.71591323275653,1
2021-02-10,1.05857910391252,1
2021-02-11,1.8234272846998,1
2021-02-12,0.706344491998634,1
2021-02-15,0.835450463151302,1
2021-02-16,0.217241641452799,1
2021-02-17,0.36681380830508,1
2021-02-18,0.619507276188711,1
2021-02-19,0.158539279794458,1
2021-02-22,0.876096003311359,1
2021-02-23,-0.173995442030437,1
2021-02-24,0.469567949432373,1
2021-02-25,0.233792499093614,1
2021-02-26,-1.64390566395298,1
2021-03-01,-1.90901917453047,1
2021-03-02,-0.607840259728877,1
2021-03-03,-0.573916460890947,1
2021-03-04,-2.15361185441436,1
2021-03-05,0.836309800338046,1
2021-03-08,-0.0379744014766423,1
2021-03-09,1.90537030413739,1
2021-03-10,-1.90060237830006,1
2021-03-11,-0.746711308044943,1
2021-03-12,1.7371632853466,1
2021-03-15,-0.124197238818933,1
2021-03-16,0.748476125457146,1
2021-03-17,-0.632418089580312,1
2021-03-18,-1.26688862808024,1
2021-03-19,-1.33506797783842,1
2021-03-22,-0.0743932069437523,1
2021-03-23,0.672584150044083,1
2021-03-24,-0.136524003916242,1
2021-03-25,2.30437229558007,1
2021-03-26,-1.30758051113727,1
2021-03-29,-1.10816369784417,1
2021-03-30,-1.63931599322535,1
2021-03-31,0.342585868075188,1
2021-04-01,-0.256621981042453,1
2021-04-02,0.385277857563562,1
2021-04-05,-0.0671998199554662,1
2021-04-06,0.130923308046363,1
2021-04-07,-0.0174974868864103,1
2021-04-08,0.558662648153665,1
2021-04-09,-2.63634497929081,1
2021-04-12,1.05023022981788,1
2021-04-13,-0.0475055669401137,1
2021-04-14,-0.0858169494144001,1
2021-04-15,-0.954238754430987,1
2021-04-16,-1.63172433784712,1
2021-04-19,-0.437042425223131,1
2021-04-20,-1.14222769158076,1
2021-04-21,0.000853290257789657,1
2021-04-22,0.509523808195447,1
2021-04-23,-0.984323138910762,1
2021-04-26,-1.57982083189286,1
2021-04-27,0.233768493957308,1
2021-04-28,0.152973818701807,1
2021-04-29,-0.296179838499776,1
2021-04-30,0.0570482971159778,1
2021-05-03,0.460195333526669,1
2021-05-04,0.947306697988929,1
2021-05-05,-1.33766047829455,1
2021-05-06,2.30102899603991,1
2021-05-07,-0.634113601202591,1
2021-05-10,-1.62698607373797,1
2021-05-11,0.288882967244482,1
2021-05-12,-0.281962180148056,1
2021-05-13,-0.156675798002462,1
2021-05-14,0.13397322427184,1
2021-05-17,0.954554074874429,1
2021-05-18,0.398525495397423,1
2021-05-19,0.0836512289203984,1
2021-05-20,0.66797859471069,1
2021-05-21,0.202469377526246,1
2021-05-24,-0.669238258306286,1
2021-05-25,-0.0956886074055967,1
2021-05-26,-0.131545880162638,1
2021-05-27,0.725819200727894,1
2021-05-28,0.691466683742726,1
2021-05-31,1.34230439735405,1
2021-06-01,0.215084232249674,1
2021-06-02,-0.780510833980937,1
2021-06-03,-0.183479109350717,1
2021-06-04,0.586540393319758,1
2021-06-07,-0.00667936319675274,1
2021-06-08,0.451697489911583,1
2021-06-09,0.172217923900697,1
2021-06-10,-1.27639180037029,1
2021-06-11,0.809426942174139,1
2021-06-14,-2.48160144544733,1
2021-06-15,0.393161987249087,1
2021-06-16,-0.90736651771602,1
2021-06-17,0.770833550627727,1
2021-06-18,0.352277637929858,1
2021-06-21,2.15974445131988,1
2021-06-22,-1.26687595875543,1
2021-06-23,0.730642418835968,1
2021-06-24,-0.711750242441288,1
2021-06-25,-0.537621914538345,1
2021-06-28,-0.791387728472592,1
2021-06-29,0.0990523394179913,1
2021-06-30,0.781129110981658,1
2021-07-01,-2.4862188685706,1
2021-07-02,-1.42582935529646,1
2021-07-05,-0.47205961335281,1
2021-07-06,0.581822923108031,1
2021-07-07,-0.428149414048047,1
2021-07-08,-0.293036731344932,1
2021-07-09,-0.00765653699857609,1
2021-07-12,-1.53055077200795,1
2021-07-13,0.0976458404502886,1
2021-07-14,-1.13231879109765,1
2021-07-15,1.01288871723273,1
2021-07-16,-1.64874426711291,1
2021-07-19,0.096353682228674,1
2021-07-20,1.49408406275061,1
2021-07-21,1.46566302195653,1
2021-07-22,-2.19381384269548,1
2021-07-23,0.147027839050479,1
2021-07-26,0.821185444377575,1
2021-07-27,1.38896396468395,1
2021-07-28,-1.11665420328528,1
2021-07-29,0.828931633452581,1
2021-07-30,-0.957794843160296,1
2021-08-02,-1.01379644370336,1
2021-08-03,-0.981709280400223,1
2021-08-04,-0.0821498580158749,1
2021-08-05,0.510965742446453,1
2021-08-06,-1.43022541160618,1
2021-08-09,-0.625962753972418,1
2021-08-10,-1.18227824472597,1
2021-08-11,-0.905714354316273,1
2021-08-12,-0.671913642261111,1
2021-08-13,0.1988489549228,1
2021-08-16,-0.0135371700853837,1
2021-08-17,0.206604070890784,1
2021-08-18,0.876373025929734,1
2021-08-19,-0.958108246891283,1
2021-08-20,1.13596718446233,1
2021-08-23,-0.256852272483833,1
2021-08-24,-0.510393530039243,1
2021-08-25,-0.793150515665324,1
2021-08-26,-0.324623337202315,1
2021-08-27,1.00074251952774,1
2021-08-30,-0.793185626885686,1
2021-08-31,-2.85420364978084,1
2021-09-01,0.279209347045049,1
2021-09-02,-1.44304620313005,1
2021-09-03,-0.531992812770712,1
2021-09-06,-0.0597844706332515,1
2021-09-07,-0.972615396534668,1
2021-09-08,0.671476758906685,1
2021-09-09,-0.657198982501651,1
2021-09-10,0.653536475609643,1
2021-09-13,-1.21453970722451,1
2021-09-14,0.674843531828362,1
2021-09-15,-0.792777812492995,1
2021-09-16,-0.0633818046310378,1
2021-09-17,-0.628019310165278,1
2021-09-20,-0.439165985107922,1
2021-09-21,0.0294189007870231,1
2021-09-22,-0.409743542279223,1
2021-09-23,0.124066343198472,1
2021-09-24,0.330570780524125,1
2021-09-27,-1.35631426186967,1
2021-09-28,-1.25795291750333,1
2021-09-29,-0.530363252868774,1
2021-09-30,-2.20289861749651,1
2021-10-01,-0.891946949897702,1
2021-10-04,0.326951559402147,1
2021-10-05,0.646916886959365,1
2021-10-06,0.0444975465185979,1
2021-10-07,-0.269865359782554,1
2021-10-08,-1.09411956009216,1
2021-10-11,-0.810208916985184,1
2021-10-12,1.64003004343526,1
2021-10-13,0.375703279441087,1
2021-10-14,-0.841736978641283,1
2021-10-15,-1.89964755335603,1
2021-10-18,1.88201092866666,1
2021-10-19,-0.936751085791628,1
2021-10-20,-0.0525576278924072,1
2021-10-21,-0.197033800016935,1
2021-10-22,-1.02198130107287,1
2021-10-25,0.19132234668789,1
2021-10-26,-0.0866404071080916,1
2021-10-27,0.56619239759219,1
2021-10-28,1.30846134238796,1
2021-10-29,-0.602455342719517,1
2021-11-01,-0.982423859261312,1
2021-11-02,1.38909834558292,1
2021-11-03,-0.376357040539807,1
2021-11-04,-1.68788667443427,1
2021-11-05,-0.0767956638902707,1
2021-11-08,0.245857469698014,1
2021-11-09,2.04223952299614,1
2021-11-10,-0.193452671562028,1
2021-11-11,-0.545946475923819,1
2021-11-12,-1.58046795307283,1
2021-11-15,-0.64839789788669,1
2021-11-16,-0.125862528931985,1
2021-11-17,0.361478501618437,1
2021-11-18,0.882754167757739,1
2021-11-19,-0.829026778039577,1
2021-11-22,-1.41154924869368,1
2021-11-23,1.86080603314817,1
2021-11-24,-2.36645857078683,1
2021-11-25,0.620518351344688,1
2021-11-26,0.477250633908538,1
2021-11-29,1.72840431640971,1
2021-11-30,-0.0117670953769379,1
2021-12-01,0.719627585464994,1
2021-12-02,0.470017975448825,1
2021-12-03,-0.246632524651774,1
2021-12-06,-1.51149745461237,1
2021-12-07,1.75334242776349,1
2021-12-08,-0.571213091015665,1
2021-12-09,-0.234031674654435,1
2021-12-10,0.177108511828337,1
2021-12-13,0.656572477432925,1
2021-12-14,-0.437072482525142,1
2021-12-15,0.80587080565808,1
2021-12-16,-0.886368711352466,1
2021-12-17,0.649727325256944,1
2021-12-20,1.94108995381167,1
2021-12-21,-0.518566279128173,1
2021-12-22,-1.0778004170099,1
2021-12-23,0.282040340351911,1
2021-12-24,0.14711656684275,1
2021-12-27,0.38602179993757,1
2021-12-28,-1.49214353646648,1
2021-12-29,1.89753531017696,1
2021-12-30,0.967017689840793,1
2021-12-31,-3.51051569750725,1
2022-01-03,-0.953041462803923,1
2022-01-04,0.913811447470031,1
2022-01-05,1.33853411676668,1
2022-01-06,1.52408846618789,1
2022-01-07,1.52330304156104,1
2022-01-10,-1.50602531823389,1
2022-01-11,0.581834236634712,1
2022-01-12,0.403505666153365,1
2022-01-13,0.603832576505308,1
2022-01-14,-0.617927729969479,1
2022-01-17,-0.808636150869756,1
2022-01-18,-1.02162216938406,1
2022-01-19,0.452356642882819,1
2022-01-20,0.0660728419129698,1
2022-01-21,0.260273248141678,1
2022-01-24,-0.528341894236494,1
2022-01-25,1.34495657728091,1
2022-01-26,-1.60137340680814,1
2022-01-27,0.963995232033075,1
2022-01-28,1.22866057836836,1
2022-01-31,0.57971540028098,1
2022-02-01,0.672887029406397,1
2022-02-02,1.08107777919753,1
2022-02-03,0.189657104099605,1
2022-02-04,-0.424829020868599,1
2022-02-07,0.790676324704302,1
2022-02-08,-0.104846054547222,1
2022-02-09,0.444736123626484,1
2022-02-10,2.29853274245682,1
2022-02-11,0.0605176715111022,1
2022-02-14,-1.80480240835598,1
2022-02-15,-1.57767390011658,1
2022-02-16,-0.685351572981642,1
2022-02-17,-0.371947965632894,1
2022-02-18,-1.47223193875687,1
2022-02-21,0.140548994938586,1
2022-02-22,1.38406687497945,1
2022-02-23,-0.283014018915985,1
2022-02-24,2.2928010483205,1
2022-02-25,-1.03505903515798,1
2022-02-28,-0.924765622286582,1
2022-03-01,-0.208599136979067,1
2022-03-02,-0.530723945041237,1
2022-03-03,0.18678341014174,1
2022-03-04,-0.616699242573896,1
2022-03-07,0.677293968968453,1
2022-03-08,-2.67912652776871,1
2022-03-09,-0.683807920450527,1
2022-03-10,0.259894544037899,1
2022-03-11,0.715886107176222,1
2022-03-14,-0.23941282899848,1
2022-03-15,0.28186937219609,1
2022-03-16,0.537874372743177,1
2022-03-17,-0.749464202616156,1
2022-03-18,-1.57762525130909,1
2022-03-21,-1.72534496730005,1
2022-03-22,1.45604878023844,1
2022-03-23,-2.75126587075834,1
2022-03-24,2.45510458493923,1
2022-03-25,-0.312630869328156,1
2022-03-28,0.17383293744514,1
2022-03-29,-1.47683248799816,1
2022-03-30,1.00434301243382,1
2022-03-31,0.160811256245171,1
2022-04-01,-1.61821188272721,1
2022-04-04,0.561115219898923,1
2022-04-05,-0.63387521188388,1
2022-04-06,0.65531825006514,1
2022-04-07,1.46367516526502,1
2022-04-08,0.672366941730186,1
2022-04-11,-0.341266882156503,1
2022-04-12,-0.347761986986763,1
2022-04-13,0.690387464112019,1
2022-04-14,-0.319147753527777,1
2022-04-15,0.902627131588895,1
2022-04-18,-2.5061796803009,1
2022-04-19,0.279958069632187,1
2022-04-20,0.171143389416863,1
2022-04-21,0.0554031630886582,1
2022-04-22,-0.923377104422458,1
2022-04-25,-0.522596896751455,1
2022-04-26,-1.14499082202688,1
2022-04-27,-0.156943228404298,1
2022-04-28,0.522329370117787,1
2022-04-29,-0.229527986900986,1
2022-05-02,0.290309515638129,1
2022-05-03,-1.87478389756552,1
2022-05-04,-0.00281062530777,1
2022-05-05,0.86233139307189,1
2022-05-06,0.264552683471111,1
2022-05-09,0.672928699490565,1
2022-05-10,-0.0823169709753912,1
2022-05-11,0.0266663854809235,1
2022-05-12,-0.33035300840111,1
2022-05-13,0.21248566675494,1
2022-05-16,-0.971687635430409,1
2022-05-17,0.494759946826477,1
2022-05-18,-1.09215628475415,1
2022-05-19,-0.113977683809536,1
2022-05-20,0.874602597976931,1
2022-05-23,-0.17528454579118,1
2022-05-24,1.46108265255865,1
2022-05-25,-1.17643044202339,1
2022-05-26,-0.513046768674397,1
2022-05-27,-1.17524329180203,1
2022-05-30,0.272850513025362,1
2022-05-31,-1.72452701182412,1
2022-06-01,-0.237647629788722,1
2022-06-02,0.188793583614288,1
2022-06-03,-0.175455158058106,1
2022-06-06,-0.868808319444096,1
2022-06-07,0.0871914320860979,1
2022-06-08,2.31011706286461,1
2022-06-09,0.721000272080755,1
2022-06-10,0.804307763054714,1
2022-06-13,1.43874052884497,1
2022-06-14,-0.942301986333726,1
2022-06-15,-0.436866638361426,1
2022-06-16,0.559592919530417,1
2022-06-17,-0.852113122121235,1
2022-06-20,-0.0642268619935551,1
2022-06-21,-0.267824393981772,1
2022-06-22,-0.956252926988361,1
2022-06-23,0.000186659422446719,1
2022-06-24,-0.713190808361121,1
2022-06-27,1.21942244975781,1
2022-06-28,1.5649271922382,1
2022-06-29,1.13161024916947,1
2022-06-30,1.46407448122198,1
2022-07-01,-0.884902821225257,1
2022-07-04,-1.98183913746708,1
2022-07-05,0.232494204564926,1
2022-07-06,-1.30492321006416,1
2022-07-07,0.783470502100798,1
2022-07-08,-0.541365928664745,1
2022-07-11,1.71908365768316,1
2022-07-12,-0.561895806078549,1
2022-07-13,-0.411739742296326,1
2022-07-14,0.428405931178078,1
2022-07-15,1.28753104565356,1
2022-07-18,0.421723962794732,1
2022-07-19,-1.9132849890058,1
2022-07-20,-2.08075525969339,1
2022-07-21,-0.531545592275535,1
2022-07-22,0.538022696518024,1
2022-07-25,-0.142275839919117,1
2022-07-26,1.53355400030845,1
2022-07-27,0.404948735036983,1
2022-07-28,-0.2918597034271,1
2022-07-29,0.139668620365708,1
2022-08-01,-0.31091349169867,1
2022-08-02,-0.683951909688943,1
2022-08-03,-0.0484192192837372,1
2022-08-04,0.64415723024581,1
2022-08-05,0.383253165159278,1
2022-08-08,-0.023878902815385,1
2022-08-09,-0.597132733106426,1
2022-08-10,-0.396136977530015,1
2022-08-11,1.04858018858839,1
2022-08-12,-1.03901130165584,1
2022-08-15,0.678370034406635,1
2022-08-16,0.6978619337979,1
2022-08-17,0.21678417243221,1
2022-08-18,-1.81828001726954,1
2022-08-19,1.11262599938276,1
2022-08-22,1.61651873074288,1
2022-08-23,-0.101148563965887,1
2022-08-24,0.674709538041425,1
2022-08-25,0.406193209708799,1
2022-08-26,0.0586530441515147,1
2022-08-29,0.0485127442027257,1
2022-08-30,-1.73413395752365,1
2022-08-31,-1.1859073203613,1
2022-09-01,-1.10704734555769,1
2022-09-02,0.337002416979595,1
2022-09-05,0.736862026400582,1
2022-09-06,0.236262182421684,1
2022-09-07,1.20436631113936,1
2022-09-08,-0.802777177586131,1
2022-09-09,-0.388847800437622,1
2022-09-12,0.282150153902007,1
2022-09-13,-1.06817496182512,1
2022-09-14,2.03348052474485,1
2022-09-15,0.409502768484785,1
2022-09-16,0.994684008834919,1
2022-09-19,0.47908646201685,1
2022-09-20,0.274014924744693,1
2022-09-21,0.299325923712213,1
2022-09-22,0.338007134451706,1
2022-09-23,-0.0814602244410924,1
2022-09-26,0.27686498618377,1
2022-09-27,1.87968587106276,1
2022-09-28,-0.167667699589459,1
2022-09-29,0.432013977819252,1
2022-09-30,-1.76343606790683,1
2022-10-03,0.380009702397186,1
2022-10-04,0.258115773679918,1
2022-10-05,-0.262488274292974,1
2022-10-06,0.0372559407933847,1
2022-10-07,-0.904333950227832,1
2022-10-10,1.37198491007671,1
2022-10-11,-0.641107764834442,1
2022-10-12,-0.254861094000232,1
2022-10-13,-1.31045851147483,1
2022-10-14,-0.522156927125992,1
2022-10-17,0.21085498666093,1
2022-10-18,-0.561478375698611,1
2022-10-19,-0.984400984936238,1
2022-10-20,0.730930908697158,1
2022-10-21,4.19482222420984,1
2022-10-24,-1.3093310004194,1
2022-10-25,-0.24926683938982,1
2022-10-26,0.0215624337613113,1
2022-10-27,-0.642502372676696,1
2022-10-28,-0.64292471393742,1
2022-10-31,0.223929295846908,1
2022-11-01,0.57918548544585,1
2022-11-02,-0.276082776311284,1
2022-11-03,-1.2683868039463,1
2022-11-04,-0.364325183269924,1
2022-11-07,-0.186669721020635,1
2022-11-08,-0.458434192418604,1
2022-11-09,-0.195881131714792,1
2022-11-10,-0.0317533974920216,1
2022-11-11,-0.955720843984678,1
2022-11-14,-0.0395622078610588,1
2022-11-15,-0.178047691700131,1
2022-11-16,0.272298231374202,1
2022-11-17,0.676263284010398,1
2022-11-18,0.891504511837865,1
2022-11-21,0.462485798941746,1
2022-11-22,0.265477483852426,1
2022-11-23,-0.316307219811442,1
2022-11-24,0.0855564435672747,1
2022-11-25,-0.975906899656634,1
2022-11-28,0.34924602377637,1
2022-11-29,1.74199274661291,1
2022-11-30,2.07544727689903,1
2022-12-01,1.03417393499603,1
2022-12-02,-0.737416855206018,1
2022-12-05,-1.3974104228285,1
2022-12-06,-1.0080545863699,1
2022-12-07,-0.131769952049432,1
2022-12-08,-0.100776976500549,1
2022-12-09,-0.160361580407804,1
2022-12-12,1.43702849811736,1
2022-12-13,0.724592231766105,1
2022-12-14,1.79555968851357,1
2022-12-15,-0.775155501316066,1
2022-12-16,-0.339629831787467,1
2022-12-19,-0.237460615746054,1
2022-12-20,2.71245662878176,1
2022-12-21,0.935700114492419,1
2022-12-22,0.728673324365244,1
2022-12-23,0.477801622372695,1
2022-12-26,0.36374592570582,1
2022-12-27,-0.513387086392562,1
2022-12-28,1.16172563581462,1
2022-12-29,-0.922990903133106,1
2022-12-30,0.0625849510000771,1
2023-01-02,0.829435959479082,1
2023-01-03,0.355084010438715,1
2023-01-04,-1.34837755529208,1
2023-01-05,-1.1666905795987,1
2023-01-06,1.10005971873983,1
2023-01-09,-0.278050980318501,1
2023-01-10,-0.0816637470003915,1
2023-01-11,-0.168105336736753,1
2023-01-12,-2.02122751952507,1
2023-01-13,0.646969838614411,1
2023-01-16,1.81286834523445,1
2023-01-17,0.580927292345477,1
2023-01-18,-0.650202840005335,1
2023-01-19,-0.400405197968711,1
2023-01-20,0.41371175861392,1
2023-01-23,-0.579236086216291,1
2023-01-24,2.04322350928847,1
2023-01-25,0.367492882839326,1
2023-01-26,3.01683551397116,1
2023-01-27,1.14320228707399,1
2023-01-30,2.24290562209151,1
2023-01-31,-0.192573725240587,1
2023-02-01,-0.157767401271967,1
2023-02-02,-0.368380273485144,1
2023-02-03,-0.567318341274921,1
2023-02-06,-0.858096342107339,1
2023-02-07,0.268608367738547,1
2023-02-08,-0.941153810936617,1
2023-02-09,1.43307896533622,1
2023-02-10,2.20900296809819,1
2023-02-13,0.783188402454611,1
2023-02-14,-0.932261269875345,1
2023-02-15,0.787494230195883,1
2023-02-16,-1.89308580784807,1
2023-02-17,-0.591671579864093,1
2023-02-20,-2.01680305339836,1
2023-02-21,-0.191951905717162,1
2023-02-22,-0.242843992156516,1
2023-02-23,1.08506715281844,1
2023-02-24,-0.105342098425339,1
2023-02-27,-1.77411709416765,1
2023-02-28,-0.334552023503706,1
2023-03-01,-0.0922316532162503,1
2023-03-02,-0.128538425363983,1
2023-03-03,0.742795595877388,1
2023-03-06,-0.718276009099979,1
2023-03-07,1.12220998213473,1
2023-03-08,0.429847937402312,1
2023-03-09,0.538549906415361,1
2023-03-10,0.476113179930227,1
2023-03-13,2.19608201910063,1
2023-03-14,-0.397681140692681,1
2023-03-15,-1.09997095062875,1
2023-03-16,-0.40353282303641,1
2023-03-17,-0.695116089018844,1
2023-03-20,-1.16871634089288,1
2023-03-21,-0.722741913386819,1
2023-03-22,-2.46055528776598,1
2023-03-23,0.287542593976159,1
2023-03-24,0.781755865702119,1
2023-03-27,0.541329119984489,1
2023-03-28,0.756049197317572,1
2023-03-29,0.281025472701932,1
2023-03-30,0.513590684189181,1
2023-03-31,0.137148851553464,1
2023-04-03,0.0352001529831355,1
2023-04-04,2.84271784345955,1
2023-04-05,0.517362437435374,1
2023-04-06,0.0736811029918981,1
2023-04-07,-0.486953465389675,1
2023-04-10,-0.733259450033451,1
2023-04-11,-0.841191817275321,1
2023-04-12,-1.40733701055484,1
2023-04-13,0.939290896203553,1
2023-04-14,0.273409248048063,1
2023-04-17,-0.452869104773468,1
2023-04-18,0.00697575429818977,1
2023-04-19,-0.464761362963303,1
2023-04-20,-1.07441524452944,1
2023-04-21,1.22279115398153,1
2023-04-24,0.968529724280827,1
2023-04-25,-0.54465328980478,1
2023-04-26,-0.908007973104957,1
2023-04-27,-0.727123088627382,1
2023-04-28,-0.172032107577905,1
2023-05-01,-0.196053102592123,1
2023-05-02,0.907813280742395,1
2023-05-03,-0.0221568849280738,1
2023-05-04,-0.263170568036956,1
2023-05-05,0.0525752392902262,1
2023-05-08,-1.59502270540566,1
2023-05-09,-0.715960891696026,1
2023-05-10,-0.951313139881252,1
2023-05-11,0.547827305679114,1
2023-05-12,0.729228135800948,1
2023-05-15,0.324197549239994,1
2023-05-16,-0.772248962122494,1
2023-05-17,-0.0104436970635587,1
2023-05-18,-0.637601053074824,1
2023-05-19,-0.169298556089574,1
2023-05-22,0.0981338330121452,1
2023-05-23,0.0968925456331179,1
2023-05-24,0.351413605565476,1
2023-05-25,-0.114168168723681,1
2023-05-26,-0.646117446652816,1
2023-05-29,0.322966133666711,1
2023-05-30,-0.642661276614488,1
2023-05-31,0.326107596441818,1
2023-06-01,-0.142920225677371,1
2023-06-02,-0.187085558217869,1
2023-06-05,1.60315623656778,1
2023-06-06,-0.588195177161372,1
2023-06-07,-0.416831062628793,1
2023-06-08,1.27087656365276,1
2023-06-09,1.4959808315958,1
2023-06-12,0.379089955553223,1
2023-06-13,-2.07625436883978,1
2023-06-14,-0.144950629120871,1
2023-06-15,1.38527684866144,1
2023-06-16,0.431865601073015,1
2023-06-19,-0.245383105554344,1
2023-06-20,-0.0859902629736336,1
2023-06-21,0.328433838751703,1
2023-06-22,-0.267315526554967,1
2023-06-23,1.04126862457722,1
2023-06-26,1.8153669289052,1
2023-06-27,0.0544708861385717,1
2023-06-28,-0.115208275973322,1
2023-06-29,0.713231753326536,1
2023-06-30,-0.483528616830234,1
2023-07-03,-0.0357445410035766,1
2023-07-04,-0.404420316903915,1
2023-07-05,0.102889715397264,1
2023-07-06,0.645981567127019,1
2023-07-07,0.144154864377276,1
2023-07-10,-0.318291842807333,1
2023-07-11,0.782747280643363,1
2023-07-12,1.01391529625302,1
2023-07-13,-0.260432438460906,1
2023-07-14,-0.489641298754951,1
2023-07-17,0.0927365792343332,1
2023-07-18,0.763157165322362,1
2023-07-19,0.149295367965106,1
2023-07-20,-0.0439193969173647,1
2023-07-21,-0.0591864177966266,1
2023-07-24,1.05737583753179,1
2023-07-25,-0.466039384614996,1
2023-07-26,0.14360099099696,1
2023-07-27,-0.328256003170251,1
2023-07-28,-0.139156617995624,1
2023-07-31,1.27431144195381,1
2023-08-01,0.126478655489021,1
2023-08-02,-0.456039717009063,1
2023-08-03,0.563966581465009,1
2023-08-04,2.96922803276163,1
2023-08-07,-0.789090059976548,1
2023-08-08,-1.58332689551576,1
2023-08-09,-0.021757509259903,1
2023-08-10,2.38312222466834,1
2023-08-11,0.488349231133579,1
2023-08-14,-0.617634141871922,1
2023-08-15,-0.757539164388623,1
2023-08-16,-0.360204947439045,1
2023-08-17,-0.513938033796398,1
2023-08-18,0.882147243287382,1
2023-08-21,-0.0768181487398261,1
2023-08-22,0.190305165332791,1
2023-08-23,-0.938055790579059,1
2023-08-24,0.0916344956773259,1
2023-08-25,-0.806489712024686,1
2023-08-28,2.11814244577263,1
2023-08-29,1.32277667946648,1
2023-08-30,1.54069312244076,1
